{"mean_reward_per_step":0.192138671875,"update_step":121,"return_agent_1":5.76682710647583,"entropy":0.004976349882781506,"return_agent_3":5.76682710647583,"total_loss":-2519.346923828125,"return_agent_0":5.76682710647583,"num_episodes_completed":832,"mean_reward_agent_1":0,"mean_reward_agent_4":0,"mean_reward_agent_5":0.576416015625,"value_loss":1.8005681037902832,"_wandb":{"runtime":98},"return_agent_5":5.76682710647583,"return":5.76682710647583,"_runtime":98,"mean_reward_agent_0":0.576416015625,"actor_loss":-2521.147216796875,"return_agent_4":5.76682710647583,"return_agent_2":5.76682710647583,"approx_kl":8.449172810287564e-07,"_timestamp":1.7798927501945643e+09,"episode_length":10,"_step":121,"env_step":991232,"mean_reward_agent_3":0,"mean_reward_agent_2":0}