{"mean_reward_agent_9":0.000244140625,"env_step":991232,"_step":121,"mean_reward_per_step":4.882812572759576e-05,"grad_norm_actor":261.84393310546875,"mean_reward_agent_4":0,"mean_reward_agent_6":0,"_timestamp":1.7799051310745585e+09,"approx_kl":0.0006084755877964199,"num_episodes_completed":832,"episode_length":10,"update_step":121,"return_agent_1":0.0024038462433964014,"return_agent_6":0.0024038462433964014,"return_agent_2":0.0024038462433964014,"return_agent_0":0.0024038462433964014,"mean_reward_agent_1":0,"return_agent_5":0.0024038462433964014,"return_agent_4":0.0024038462433964014,"entropy":1076.9063720703125,"mean_reward_agent_2":0,"return_agent_9":0.0024038462433964014,"return_agent_8":0.0024038462433964014,"mean_reward_agent_0":0.000244140625,"value_loss":0.9331533908843994,"return":0.0024038462433964014,"actor_loss":-18.373165130615234,"state_mse":0.01580129563808441,"mean_reward_agent_7":0,"_runtime":129,"return_agent_3":0.0024038462433964014,"mean_reward_agent_8":0,"return_agent_7":0.0024038462433964014,"mean_reward_agent_5":0,"grad_norm_critic":0.20107588171958923,"_wandb":{"runtime":129},"total_loss":-28.193267822265625,"mean_reward_agent_3":0}