{"ratio":0.9999321699142456,"_wandb":{"runtime":5456},"actor_grad_norm":0.5128701329231262,"total_loss":0.1949428766965866,"ratio_0":1.0000118017196655,"expected_msg_len":9.362546920776367,"actor_loss":-0.008530205115675926,"_timestamp":1.7814931258620243e+09,"msg_len":8.78998851776123,"value_loss":0.2034730762243271,"entropy":0.8491268157958984,"_step":9986048,"clip_frac":0.000518798828125,"critic_grad_norm":1.3190549612045288,"returns":-34.75975036621094,"_runtime":5456.740621172,"approx_kl":5.163658352103084e-05,"gumbel_tau":1,"silence_rate":0.046875,"token_entropy":1.3091721534729004,"env_step":9.986048e+06,"comm_ctx_norm":1.7032140493392944}