{"entropy":0.3904653787612915,"total_loss":0.016365140676498413,"env_step":9.986048e+06,"_step":9986048,"returns":1.7476050853729248,"_wandb":{"runtime":343},"actor_loss":-5.07960794493556e-06,"ratio":1.0000003576278687,"value_loss":0.016370221972465515,"_runtime":343.156635599,"ratio_0":0.9999997615814209,"win_rate":0.7803738117218018,"clip_frac":0,"_timestamp":1.7809371538370135e+09,"approx_kl":2.540473360568285e-07}