{"num_episodes_completed":384,"grad_norm_critic":0.4459540545940399,"return":-29.70327377319336,"_timestamp":1.7811015428531432e+09,"_runtime":1109.055418791,"entropy":0.461381196975708,"actor_loss":-0.027310693636536598,"approx_kl":0.05337364226579666,"env_step":9986048,"total_loss":0.276738703250885,"_wandb":{"runtime":1109},"episode_length":26,"mean_reward_per_step":-0.36536359786987305,"update_step":1219,"_step":1219,"grad_norm_actor":0.39575430750846863,"value_loss":0.3086632490158081}