{"num_episodes_completed":832,"approx_kl":1.5084350479810382e-06,"_runtime":95,"grad_norm_critic":0.03383038565516472,"episode_length":10,"mean_reward_agent_0":0.89306640625,"return_agent_2":8.951923370361328,"actor_loss":-1307.3438720703125,"_wandb":{"runtime":95},"_timestamp":1.7799012923324099e+09,"total_loss":-1304.7015380859375,"mean_reward_agent_1":0,"return_agent_0":8.951923370361328,"mean_reward_agent_2":0.89306640625,"env_step":991232,"return_agent_1":8.951923370361328,"_step":121,"update_step":121,"grad_norm_actor":0.005474678706377745,"value_loss":2.6412365436553955,"mean_reward_per_step":0.5953776240348816,"state_mse":0.0012010111240670085,"entropy":0.006539673078805208,"return":8.951923370361328}