{"return_agent_0":7.007211685180664,"approx_kl":2.3103339117369615e-06,"total_loss":-2259.51416015625,"mean_reward_agent_4":0.697021484375,"mean_reward_agent_1":0,"return_agent_4":7.007211685180664,"mean_reward_per_step":0.27880859375,"return_agent_3":7.007211685180664,"_timestamp":1.7798926473780346e+09,"value_loss":2.283485174179077,"return":7.007211685180664,"mean_reward_agent_2":0,"update_step":121,"_wandb":{"runtime":96},"episode_length":10,"actor_loss":-2261.7978515625,"_step":121,"mean_reward_agent_3":0,"entropy":0.004581816028803587,"return_agent_2":7.007211685180664,"num_episodes_completed":832,"_runtime":96,"mean_reward_agent_0":0.697021484375,"return_agent_1":7.007211685180664,"env_step":991232}