{"clip_frac":0,"value_loss":0.00041363065247423947,"total_loss":0.0004113265313208103,"returns":1.9921683073043823,"approx_kl":6.820661724304955e-08,"actor_loss":-2.304115241713589e-06,"env_step":9.986048e+06,"win_rate":0.9931972622871399,"_timestamp":1.780923144528994e+09,"_runtime":217.621474245,"ratio_0":1,"_step":9986048,"_wandb":{"runtime":217},"ratio":0.999999463558197,"entropy":0.4813117980957031}