{"actor_loss":-0.009826499037444592,"mean_reward_per_step":-0.5450986623764038,"_runtime":80.973532556,"_wandb":{"runtime":80},"value_loss":2.7468059062957764,"grad_norm_actor":0.3892853558063507,"_step":1219,"episode_length_team_agents":20.666667938232422,"_timestamp":1.7810926284201567e+09,"return":-43.47984313964844,"num_episodes_completed":384,"total_loss":2.730064630508423,"env_step":9986048,"episode_length":26,"entropy":0.6914665102958679,"grad_norm_critic":3.8565750122070312,"approx_kl":0.004807168152183294,"update_step":1219,"return_team_agents":-10.966873168945312}