{"_step":9986048,"gumbel_tau":1,"_timestamp":1.7814817010572822e+09,"silence_rate":0.046875,"total_loss":0.4180298149585724,"expected_msg_len":8.30145263671875,"_runtime":4306.872205222,"entropy":0.7941908240318298,"actor_grad_norm":0.32429763674736023,"token_entropy":1.7663480043411255,"returns":-42.44430160522461,"msg_len":7.432220935821533,"critic_grad_norm":2.130563259124756,"env_step":9.986048e+06,"approx_kl":0.0002659645106177777,"ratio_0":1.0000439882278442,"_wandb":{"runtime":4306},"clip_frac":0.002655029296875,"value_loss":0.4256540536880493,"comm_ctx_norm":3.03528094291687,"actor_loss":-0.0076242536306381226,"ratio":0.9999790191650391}