{"_timestamp":1.7810931372507956e+09,"grad_norm_actor":0.44964638352394104,"actor_loss":-0.008469742722809315,"total_loss":0.40872159600257874,"grad_norm_critic":0.9591580629348755,"entropy":0.6786685585975647,"mean_reward_per_step":-0.3116704225540161,"_runtime":81.587623357,"return_team_agents":-6.025935173034668,"_step":1219,"num_episodes_completed":384,"episode_length":26,"return":-25.674306869506836,"update_step":1219,"env_step":9986048,"episode_length_team_agents":20.666667938232422,"approx_kl":0.00673709437251091,"value_loss":0.42397794127464294,"_wandb":{"runtime":81}}