{"mean_reward_agent_2":0,"actor_loss":-2779.637451171875,"approx_kl":9.343359579361277e-07,"_timestamp":1.7798928576231136e+09,"env_step":991232,"value_loss":1.345633864402771,"mean_reward_agent_1":0,"_runtime":102,"total_loss":-2778.29150390625,"return_agent_6":5.00240421295166,"mean_reward_agent_4":0,"_wandb":{"runtime":102},"entropy":0.007785183377563953,"_step":121,"return_agent_4":5.00240421295166,"mean_reward_agent_0":0.48779296875,"mean_reward_agent_3":0,"return_agent_2":5.00240421295166,"return_agent_1":5.00240421295166,"num_episodes_completed":832,"mean_reward_agent_5":0,"return":5.00240421295166,"mean_reward_per_step":0.1393694281578064,"update_step":121,"episode_length":10,"return_agent_5":5.00240421295166,"mean_reward_agent_6":0.48779296875,"return_agent_0":5.00240421295166,"return_agent_3":5.00240421295166}