{"return_agent_6":-0.442307710647583,"mean_reward_agent_0":-0.039794921875,"mean_reward_agent_4":0,"mean_reward_agent_6":0,"return_agent_0":-0.442307710647583,"grad_norm_critic":0.2434970885515213,"return_agent_1":-0.442307710647583,"mean_reward_agent_5":0,"actor_loss":207.86123657226562,"return_agent_4":-0.442307710647583,"return_agent_2":-0.442307710647583,"approx_kl":0.002605552552267909,"mean_reward_agent_7":-0.039794921875,"env_step":991232,"_runtime":129,"_timestamp":1.7799033899441292e+09,"num_episodes_completed":832,"_wandb":{"runtime":129},"update_step":121,"_step":121,"return_agent_3":-0.442307710647583,"grad_norm_actor":555.2531127929688,"value_loss":1.1816860437393188,"entropy":1071.27294921875,"mean_reward_agent_3":0,"episode_length":10,"total_loss":198.33892822265625,"state_mse":0.008751657791435719,"mean_reward_agent_1":0,"return_agent_7":-0.442307710647583,"mean_reward_agent_2":0,"return":-0.442307710647583,"return_agent_5":-0.442307710647583,"mean_reward_per_step":-0.00994873046875}