{"grad_norm_actor":0.5053369998931885,"_runtime":269.832512764,"_timestamp":1.781104391417895e+09,"grad_norm_critic":0.5962446331977844,"episode_length":26,"value_loss":0.1453644186258316,"total_loss":0.13426771759986877,"return":-25.404523849487305,"mean_reward_per_step":-0.3105619549751282,"num_episodes_completed":384,"approx_kl":0.009327561594545841,"actor_loss":-0.004204494878649712,"update_step":1219,"entropy":0.6892213225364685,"_wandb":{"runtime":269},"_step":1219,"env_step":9986048}