{"mean_reward_per_step":0.6004232168197632,"mean_reward_agent_2":0.900634765625,"_runtime":87,"value_loss":2.651015281677246,"return_agent_1":9.024039268493652,"return":9.024039268493652,"mean_reward_agent_0":0.900634765625,"entropy":0.006905327085405588,"env_step":991232,"num_episodes_completed":832,"actor_loss":-1307.1883544921875,"episode_length":10,"_step":121,"return_agent_0":9.024039268493652,"approx_kl":1.6916762035634747e-07,"return_agent_2":9.024039268493652,"mean_reward_agent_1":0,"_timestamp":1.7798946914544945e+09,"_wandb":{"runtime":87},"total_loss":-1304.53759765625,"update_step":121}