{"returns":1.9877122640609741,"_timestamp":1.7807804556894555e+09,"win_rate":0.9901961088180542,"env_step":9.986048e+06,"_wandb":{"runtime":239},"approx_kl":5.237211553321686e-07,"_step":9986048,"_runtime":239.300524912,"actor_loss":-1.024912762659369e-05,"total_loss":4.406309744808823e-05,"ratio_0":1.0000057220458984,"value_loss":5.4312222346197814e-05,"ratio":0.9999966025352478,"clip_frac":0,"entropy":0.4250802993774414}