{"state_mse":0.013339223340153694,"update_step":121,"grad_norm_actor":341.9486389160156,"mean_reward_agent_9":-0.023193359375,"return_agent_2":-0.1899038553237915,"mean_reward_agent_1":0,"total_loss":168.45921325683594,"mean_reward_agent_7":0,"mean_reward_agent_2":0,"return_agent_1":-0.1899038553237915,"return_agent_3":-0.1899038553237915,"mean_reward_agent_3":0,"return_agent_4":-0.1899038553237915,"mean_reward_per_step":-0.004638671875,"return_agent_5":-0.1899038553237915,"approx_kl":0.0005792927695438266,"mean_reward_agent_5":0,"return":-0.1899038553237915,"_wandb":{"runtime":138},"return_agent_0":-0.1899038553237915,"mean_reward_agent_0":-0.023193359375,"mean_reward_agent_4":0,"episode_length":10,"num_episodes_completed":832,"_step":121,"value_loss":0.6851779222488403,"env_step":991232,"_timestamp":1.779903673127453e+09,"return_agent_6":-0.1899038553237915,"entropy":1232.848876953125,"return_agent_8":-0.1899038553237915,"mean_reward_agent_8":0,"grad_norm_critic":0.17562822997570038,"_runtime":138,"mean_reward_agent_6":0,"return_agent_7":-0.1899038553237915,"actor_loss":180.0891876220703,"return_agent_9":-0.1899038553237915}