{"approx_kl":2.8011262998006714e-07,"entropy":0.9785137176513672,"_runtime":1850.911428201,"total_loss":0.5850879549980164,"_timestamp":1.7814662610279224e+09,"returns":-62.14141082763672,"clip_frac":0,"token_entropy":0,"actor_loss":0.00020980072440579534,"env_step":9.986048e+06,"ratio":1.0000097751617432,"actor_grad_norm":0.20223665237426758,"silence_rate":1,"msg_len":0,"comm_ctx_norm":0,"ratio_0":0.9999973177909851,"gumbel_tau":1,"critic_grad_norm":2.632960319519043,"_wandb":{"runtime":1850},"_step":9986048,"expected_msg_len":1.0000001192092896,"value_loss":0.5848780870437622}