{"approx_kl":9.129569662036374e-05,"state_mse":0.026687778532505035,"actor_loss":-76.0295639038086,"_step":121,"entropy":1329.337646484375,"return_agent_2":0.09134615957736969,"mean_reward_agent_2":0,"grad_norm_actor":244.7421417236328,"total_loss":-88.57553100585938,"_timestamp":1.7798983035320675e+09,"env_step":991232,"return_agent_3":0.09134615957736969,"return_agent_5":0.09134615957736969,"mean_reward_agent_0":0.009521484375,"value_loss":0.7207190990447998,"num_episodes_completed":832,"_runtime":122,"mean_reward_agent_4":0,"mean_reward_agent_3":0,"return":0.09134615957736969,"mean_reward_agent_6":0.009521484375,"return_agent_4":0.09134615957736969,"return_agent_1":0.09134615957736969,"return_agent_6":0.09134615957736969,"grad_norm_critic":0.23072940111160278,"_wandb":{"runtime":122},"update_step":121,"mean_reward_agent_5":0,"mean_reward_per_step":0.0027204242069274187,"return_agent_0":0.09134615957736969,"mean_reward_agent_1":0,"episode_length":10}