{"return":9.71875,"grad_norm_critic":1.7216012477874756,"env_step":991232,"mean_reward_agent_1":0.97119140625,"_step":121,"mean_reward_per_step":0.97119140625,"_runtime":92,"return_agent_1":9.71875,"total_loss":0.5500558614730835,"update_step":121,"mean_reward_agent_0":0.97119140625,"value_loss":0.16148652136325836,"grad_norm_actor":2263.94384765625,"entropy":55.295982360839844,"_timestamp":1.7798977193122506e+09,"state_mse":0.028792768716812134,"episode_length":10,"approx_kl":0.035022273659706116,"num_episodes_completed":832,"actor_loss":0.9127349853515625,"_wandb":{"runtime":92},"return_agent_0":9.71875}