{"return_agent_0":-0.17067308723926544,"mean_reward_agent_8":0,"return_agent_2":-0.17067308723926544,"return_agent_8":-0.17067308723926544,"return_agent_3":-0.17067308723926544,"return_agent_7":-0.17067308723926544,"env_step":991232,"mean_reward_agent_9":-0.0166015625,"return_agent_5":-0.17067308723926544,"mean_reward_per_step":-0.0033203125931322575,"mean_reward_agent_2":0,"mean_reward_agent_5":0,"mean_reward_agent_6":0,"mean_reward_agent_4":0,"_wandb":{"runtime":138},"return_agent_4":-0.17067308723926544,"actor_loss":100.49308776855469,"_timestamp":1.7799036731284192e+09,"return_agent_6":-0.17067308723926544,"approx_kl":0.0022997118066996336,"_runtime":138,"state_mse":0.035871975123882294,"num_episodes_completed":832,"_step":121,"update_step":121,"mean_reward_agent_0":-0.0166015625,"episode_length":10,"return":-0.17067308723926544,"mean_reward_agent_1":0,"return_agent_1":-0.17067308723926544,"return_agent_9":-0.17067308723926544,"mean_reward_agent_7":0,"mean_reward_agent_3":0,"entropy":1284.3399658203125,"grad_norm_actor":401.6492919921875,"total_loss":88.23075866699219,"grad_norm_critic":0.12990078330039978,"value_loss":0.545198917388916}