{"_wandb":{"runtime":81},"grad_norm_critic":5.024899959564209,"total_loss":4.219692707061768,"episode_length_team_agents":20.666667938232422,"return":-52.695152282714844,"episode_length":26,"_step":1219,"mean_reward_per_step":-0.6612271666526794,"actor_loss":-0.006583350244909525,"_timestamp":1.7810925271899247e+09,"return_team_agents":-13.44228744506836,"update_step":1219,"approx_kl":0.004022762179374695,"grad_norm_actor":0.3566044270992279,"_runtime":81.040710934,"num_episodes_completed":384,"entropy":0.6237185001373291,"value_loss":4.232512474060059,"env_step":9986048}