{"env_step":9986048,"entropy":0.6993155479431152,"num_episodes_completed":384,"grad_norm_actor":0.4003874957561493,"total_loss":0.5002696514129639,"_step":1219,"return":-25.771228790283203,"mean_reward_per_step":-0.3149217367172241,"update_step":1219,"return_team_agents":-6.095188140869141,"value_loss":0.5161531567573547,"episode_length_team_agents":20.666667938232422,"grad_norm_critic":1.1925474405288696,"actor_loss":-0.008890260942280293,"episode_length":26,"_wandb":{"runtime":81},"_runtime":81.180630091,"approx_kl":0.006044227164238691,"_timestamp":1.7810930355491722e+09}