{"_step":9986048,"ratio_0":0.9999942183494568,"win_rate":0.9896906614303589,"returns":1.9892367124557495,"total_loss":0.0003086310171056539,"_wandb":{"runtime":243},"env_step":9.986048e+06,"entropy":0.4190031886100769,"ratio":0.9999933242797852,"approx_kl":4.27079356768445e-07,"value_loss":0.0003257661883253604,"clip_frac":0,"_runtime":243.179161094,"_timestamp":1.7807810156967258e+09,"actor_loss":-1.7135171219706535e-05}