{"_step":9986048,"returns":1.9863311052322388,"actor_loss":-1.3613142755275476e-06,"env_step":9.986048e+06,"total_loss":0.0003405161842238158,"_wandb":{"runtime":216},"_timestamp":1.7809133216075118e+09,"_runtime":216.799664026,"clip_frac":0,"approx_kl":1.1824581491737263e-07,"ratio_0":1,"value_loss":0.0003418775158934295,"ratio":0.9999995231628418,"win_rate":0.9870129823684692,"entropy":0.25784334540367126}