{"env_step":9986048,"_wandb":{"runtime":990},"return":-70.18651580810547,"_runtime":990.878115432,"entropy":0.6993346214294434,"_step":1219,"approx_kl":0.04296684265136719,"actor_loss":-0.03058568201959133,"episode_length":26,"value_loss":0.627149760723114,"num_episodes_completed":384,"update_step":1219,"grad_norm_critic":1.5191484689712524,"grad_norm_actor":0.4012828469276428,"mean_reward_per_step":-0.8903810381889343,"total_loss":0.5895707011222839,"_timestamp":1.7810942758747468e+09}