{"update_step":1219,"num_episodes_completed":384,"approx_kl":0.005908756051212549,"total_loss":1.3271442651748657,"episode_length_team_agents":20.666667938232422,"_step":1219,"return":-35.37800598144531,"_timestamp":1.781092832168588e+09,"actor_loss":-0.010634641163051128,"_runtime":81.110830201,"env_step":9986048,"value_loss":1.345379114151001,"grad_norm_critic":1.8868095874786377,"grad_norm_actor":0.4323461949825287,"_wandb":{"runtime":81},"mean_reward_per_step":-0.433991402387619,"episode_length":26,"return_team_agents":-8.599218368530273,"entropy":0.7600431442260742}