{"actor_loss":33.2164306640625,"total_loss":25.320030212402344,"mean_reward_per_step":-0.00238037109375,"_timestamp":1.779898433907912e+09,"mean_reward_agent_0":-0.009521484375,"grad_norm_actor":231.40408325195312,"env_step":991232,"mean_reward_agent_4":0,"_wandb":{"runtime":125},"return_agent_6":-0.055288463830947876,"mean_reward_agent_1":0,"_step":121,"mean_reward_agent_7":-0.009521484375,"return_agent_0":-0.055288463830947876,"value_loss":1.3556398153305054,"num_episodes_completed":832,"entropy":926.331298828125,"mean_reward_agent_5":0,"return_agent_2":-0.055288463830947876,"state_mse":0.0112690981477499,"return_agent_5":-0.055288463830947876,"grad_norm_critic":0.201970174908638,"mean_reward_agent_6":0,"return":-0.055288463830947876,"mean_reward_agent_2":0,"mean_reward_agent_3":0,"approx_kl":0.0002867705770768225,"return_agent_4":-0.055288463830947876,"episode_length":10,"return_agent_7":-0.055288463830947876,"update_step":121,"return_agent_3":-0.055288463830947876,"return_agent_1":-0.055288463830947876,"_runtime":125}