{"return_agent_3":6.925480842590332,"env_step":991232,"_wandb":{"runtime":101},"entropy":0.004144380800426006,"episode_length":10,"_timestamp":1.779894897766679e+09,"return_agent_2":6.925480842590332,"total_loss":-2220.17626953125,"return_agent_4":6.925480842590332,"actor_loss":-2222.508056640625,"value_loss":2.331540584564209,"mean_reward_agent_4":0.68408203125,"return":6.925480842590332,"num_episodes_completed":832,"update_step":121,"return_agent_0":6.925480842590332,"mean_reward_agent_0":0.68408203125,"grad_norm_critic":0.06187441945075989,"mean_reward_per_step":0.27363282442092896,"return_agent_1":6.925480842590332,"grad_norm_actor":0.002588201779872179,"_runtime":101,"_step":121,"approx_kl":1.2830520290663117e-06,"mean_reward_agent_2":0,"mean_reward_agent_3":0,"mean_reward_agent_1":0}