{"return":10,"_timestamp":1.7798975484823298e+09,"value_loss":0.005709444638341665,"return_agent_0":10,"episode_length":10,"env_step":991232,"grad_norm_actor":0.07564271986484528,"mean_reward_agent_0":1,"entropy":0.5764145851135254,"actor_loss":-0.0011301040649414062,"num_episodes_completed":832,"update_step":121,"_step":121,"return_agent_1":10,"total_loss":-0.0011848061112686992,"_runtime":83,"mean_reward_agent_1":1,"approx_kl":0.004357803612947464,"grad_norm_critic":0.2782183587551117,"_wandb":{"runtime":83},"mean_reward_per_step":1}