{"_step":1219,"_wandb":{"runtime":81},"return_team_agents":-13.749990463256836,"num_episodes_completed":384,"value_loss":4.865966796875,"update_step":1219,"_runtime":81.112098759,"entropy":0.593189001083374,"grad_norm_actor":0.40210267901420593,"return":-53.267208099365234,"actor_loss":-0.0047033363953232765,"mean_reward_per_step":-0.6739342212677002,"approx_kl":0.003597734961658716,"total_loss":4.855330944061279,"env_step":9986048,"episode_length":26,"grad_norm_critic":4.907191753387451,"episode_length_team_agents":20.666667938232422,"_timestamp":1.7810925271895914e+09}