{"update_step":1219,"total_loss":0.93666011095047,"num_episodes_completed":384,"entropy":1.1664352416992188,"_timestamp":1.781101845353909e+09,"grad_norm_actor":0.0709385797381401,"mean_reward_per_step":-0.9941328763961792,"approx_kl":0.01630074344575405,"grad_norm_critic":4.203756332397461,"value_loss":0.9495896100997925,"return":-77.55186462402344,"_runtime":275.326528227,"_wandb":{"runtime":275},"episode_length":26,"env_step":9986048,"actor_loss":-0.001265089143998921,"_step":1219}