{"actor_loss":-2589.78662109375,"episode_length":10,"env_step":991232,"update_step":121,"grad_norm_actor":0.003480506595224142,"return_agent_4":5.901442527770996,"mean_reward_agent_1":0,"_runtime":103,"value_loss":1.7611515522003174,"mean_reward_agent_3":0,"return_agent_2":5.901442527770996,"grad_norm_critic":0.059556059539318085,"mean_reward_agent_5":0.589111328125,"return_agent_3":5.901442527770996,"total_loss":-2588.025634765625,"entropy":0.004659299738705158,"num_episodes_completed":832,"_wandb":{"runtime":103},"mean_reward_agent_4":0,"mean_reward_per_step":0.1963704526424408,"return_agent_5":5.901442527770996,"_timestamp":1.779895005837162e+09,"approx_kl":5.257824113868992e-07,"_step":121,"return":5.901442527770996,"return_agent_0":5.901442527770996,"mean_reward_agent_0":0.589111328125,"return_agent_1":5.901442527770996,"mean_reward_agent_2":0}