{"_runtime":268.681995786,"entropy":0.747757613658905,"total_loss":0.2698311507701874,"num_episodes_completed":384,"episode_length":26,"value_loss":0.28231891989707947,"actor_loss":-0.005010207183659077,"update_step":1219,"_wandb":{"runtime":268},"approx_kl":0.007530099246650934,"_timestamp":1.7811030723906608e+09,"grad_norm_critic":1.026179313659668,"grad_norm_actor":0.4163980185985565,"return":-27.793441772460938,"mean_reward_per_step":-0.3373895287513733,"_step":1219,"env_step":9986048}