{"_timestamp":1.7809143889469233e+09,"_step":9986048,"actor_loss":-7.833276868041139e-06,"returns":1.9786796569824219,"env_step":9.986048e+06,"ratio":0.9999947547912598,"ratio_0":1,"clip_frac":0,"total_loss":0.000411648623412475,"value_loss":0.0004194818902760744,"win_rate":0.9799999594688416,"approx_kl":1.8254617373258952e-07,"_runtime":192.99200471,"entropy":0.4579275846481323,"_wandb":{"runtime":192}}