{"return_agent_5":0.024038461968302727,"mean_reward_agent_7":-0.00048828125,"mean_reward_agent_2":0,"mean_reward_agent_4":0,"return_agent_4":0.024038461968302727,"return_agent_7":0.024038461968302727,"state_mse":0.31269943714141846,"return_agent_3":0.024038461968302727,"_step":121,"_wandb":{"runtime":127},"grad_norm_critic":0.20941242575645447,"approx_kl":0.0005868434673175216,"_timestamp":1.779901895451873e+09,"mean_reward_agent_1":0,"num_episodes_completed":832,"actor_loss":28.369632720947266,"env_step":991232,"return_agent_0":0.024038461968302727,"total_loss":16.304906845092773,"episode_length":10,"return":0.024038461968302727,"mean_reward_agent_6":0,"entropy":1292.4971923828125,"mean_reward_agent_5":0,"mean_reward_per_step":-0.0001220703125,"return_agent_2":0.024038461968302727,"return_agent_1":0.024038461968302727,"update_step":121,"_runtime":127,"grad_norm_actor":572.1168212890625,"value_loss":0.5475482940673828,"mean_reward_agent_0":-0.00048828125,"return_agent_6":0.024038461968302727,"mean_reward_agent_3":0}