{"num_episodes_completed":832,"mean_reward_agent_2":0,"return_agent_3":8.040865898132324,"mean_reward_agent_1":0,"approx_kl":0.00014539939002133906,"mean_reward_agent_0":0.80126953125,"total_loss":-1838.90869140625,"entropy":0.00420812563970685,"_step":121,"return_agent_2":8.040865898132324,"episode_length":10,"mean_reward_per_step":0.400634765625,"update_step":121,"_timestamp":1.7798979324269578e+09,"value_loss":2.747992753982544,"return_agent_1":8.040865898132324,"env_step":991232,"actor_loss":-1841.6585693359375,"mean_reward_agent_3":0.80126953125,"return":8.040865898132324,"_runtime":103,"state_mse":0.0016846256330609322,"grad_norm_actor":0.010702351108193398,"_wandb":{"runtime":103},"grad_norm_critic":0.08367107063531876,"return_agent_0":8.040865898132324}