{"_runtime":271.335307286,"_wandb":{"runtime":271},"win_rate":0.8178054094314575,"entropy":0.21821808815002441,"_step":9986048,"total_loss":0.013143857009708881,"returns":1.7930642366409302,"ratio":0.9999996423721313,"_timestamp":1.7809344816015928e+09,"clip_frac":0,"actor_loss":-8.717470336705446e-07,"value_loss":0.013144728727638721,"approx_kl":2.4245528251753967e-08,"env_step":9.986048e+06,"ratio_0":1}