{"entropy":1.566507339477539,"rollout/0pct":{"size":62342,"path":"media/videos/rollout/0pct_0_8af58964ab89895695e9.gif","_type":"video-file","sha256":"8af58964ab89895695e95aacf3e5ba403923d734dc41ff21870fe430d4868f15"},"_timestamp":1.7811095766671646e+09,"actor_loss":-0.01620134338736534,"total_loss":12.168306350708008,"_step":57344,"rollout/100pct":{"sha256":"14c7317b8a5afe106ff350ae395c146d66b1bb8dfd4d533adcfacfcc734d3d2d","size":61130,"path":"media/videos/rollout/100pct_57344_14c7317b8a5afe106ff3.gif","_type":"video-file"},"_runtime":3.2938626380000002,"returns":-72.7772445678711,"ratio":1.0002171993255615,"clip_frac":0.0005696614971384406,"value_loss":12.184507369995117,"env_step":57344,"ratio_0":1.000005841255188,"_wandb":{"runtime":3},"approx_kl":0.0003010412328876555}