{"mean_reward_agent_5":0.41796875,"mean_reward_agent_1":0,"return_agent_4":4.28365421295166,"episode_length":10,"total_loss":-2105.81494140625,"actor_loss":-2099.117431640625,"_step":121,"num_episodes_completed":832,"value_loss":1.3877577781677246,"mean_reward_agent_2":0,"env_step":991232,"approx_kl":0.050171948969364166,"return_agent_2":4.28365421295166,"_wandb":{"runtime":98},"mean_reward_per_step":0.1393229216337204,"return_agent_1":4.28365421295166,"mean_reward_agent_0":0.41796875,"return_agent_5":4.28365421295166,"update_step":121,"_runtime":98,"entropy":808.5142822265625,"_timestamp":1.779892750195449e+09,"mean_reward_agent_4":0,"return_agent_3":4.28365421295166,"return":4.28365421295166,"return_agent_0":4.28365421295166,"mean_reward_agent_3":0}