{"_runtime":191.215915161,"win_rate":1,"_timestamp":1.7809118978323398e+09,"clip_frac":0,"_step":9986048,"ratio_0":1,"returns":1.999999761581421,"ratio":1.000004768371582,"value_loss":6.358347309287637e-05,"approx_kl":1.4769634049116576e-07,"_wandb":{"runtime":191},"total_loss":5.8248617278877646e-05,"actor_loss":-5.334848538041115e-06,"entropy":0.2497802972793579,"env_step":9.986048e+06}