{"update_step":121,"value_loss":6.815247058868408,"_step":121,"state_mse":0.10493311285972595,"return_agent_2":2.403846263885498,"_wandb":{"runtime":91},"entropy":246.69993591308594,"grad_norm_critic":6.817647933959961,"actor_loss":-86.47172546386719,"episode_length":10,"mean_reward_agent_1":0,"total_loss":-82.01856994628906,"return_agent_0":2.403846263885498,"grad_norm_actor":8555.6171875,"_runtime":91,"mean_reward_agent_0":0.22119140625,"num_episodes_completed":832,"mean_reward_agent_2":0.22119140625,"approx_kl":0.254876047372818,"env_step":991232,"_timestamp":1.7799042919395015e+09,"return_agent_1":2.403846263885498,"return":2.403846263885498,"mean_reward_per_step":0.1474609375}