{"_wandb":{"runtime":267},"total_loss":0.1551375687122345,"actor_loss":-0.003133747261017561,"_step":1219,"episode_length":26,"grad_norm_critic":0.8029178380966187,"mean_reward_per_step":-0.31107959151268005,"approx_kl":0.010663880035281181,"_runtime":267.471003724,"entropy":0.6872604489326477,"return":-25.82537841796875,"update_step":1219,"num_episodes_completed":384,"env_step":9986048,"grad_norm_actor":0.5403291583061218,"value_loss":0.1651439368724823,"_timestamp":1.7811040946283798e+09}