{"actor_loss":-90.63169860839844,"_timestamp":1.7799047373471537e+09,"total_loss":-103.3971176147461,"_step":121,"mean_reward_agent_5":0,"mean_reward_agent_2":0,"return_agent_4":0.10336539149284363,"return":0.10336539149284363,"_runtime":114,"grad_norm_actor":335.0830078125,"grad_norm_critic":0.23278725147247314,"mean_reward_agent_1":0,"return_agent_3":0.10336539149284363,"num_episodes_completed":832,"update_step":121,"return_agent_1":0.10336539149284363,"mean_reward_per_step":0.00390625,"return_agent_5":0.10336539149284363,"return_agent_6":0.10336539149284363,"mean_reward_agent_0":0.013671875,"return_agent_2":0.10336539149284363,"mean_reward_agent_4":0,"approx_kl":0.00011171004007337615,"_wandb":{"runtime":114},"mean_reward_agent_3":0,"entropy":1346.507568359375,"mean_reward_agent_6":0.013671875,"value_loss":0.6847871541976929,"episode_length":10,"env_step":991232,"return_agent_0":0.10336539149284363,"state_mse":0.014861437492072582}