{"entropy":0.2731795012950897,"_runtime":247.517274997,"ratio":0.9999887943267822,"actor_loss":-8.967045687313657e-06,"ratio_0":0.999998927116394,"total_loss":0.00022715140949003398,"env_step":9.986048e+06,"win_rate":1,"value_loss":0.00023611844517290592,"approx_kl":8.141952889673121e-07,"_timestamp":1.780920323644406e+09,"_wandb":{"runtime":247},"returns":1.999999761581421,"_step":9986048,"clip_frac":0}