{"episode_length":26,"_timestamp":1.781102310604057e+09,"mean_reward_per_step":-0.9909214377403259,"total_loss":0.9912057518959045,"return":-76.23635864257812,"actor_loss":-0.0009067769860848784,"approx_kl":0.015262240543961525,"env_step":5120000,"entropy":0.976554274559021,"grad_norm_critic":4.6053147315979,"update_step":625,"value_loss":1.0018781423568726,"_step":625,"_wandb":{"runtime":136},"_runtime":136.482126655,"num_episodes_completed":256,"grad_norm_actor":0.07376395910978317}