{"returns":-36.04216003417969,"ratio":1.000012993812561,"_timestamp":1.7815305385542302e+09,"comm_ctx_norm":1.3407131433486938,"token_entropy":0,"clip_frac":0,"env_step":9.986048e+06,"_step":9986048,"value_loss":0.16789931058883667,"_runtime":515.358803279,"actor_loss":-0.00870018731802702,"entropy":0.8669995069503784,"msg_len":0.953125,"expected_msg_len":1,"ratio_0":1.000005841255188,"gumbel_tau":1,"actor_grad_norm":0.5250176191329956,"silence_rate":0.046875,"approx_kl":2.9598008950415533e-06,"_wandb":{"runtime":515},"critic_grad_norm":0.9588634371757507,"total_loss":0.15919914841651917}