{"actor_loss":-5.729310487367911e-06,"total_loss":5.0041231588693336e-05,"returns":2,"win_rate":1,"_wandb":{"runtime":274},"_timestamp":1.7809274523302813e+09,"env_step":9.986048e+06,"clip_frac":0,"_runtime":274.109508655,"_step":9986048,"ratio_0":0.9999931454658508,"value_loss":5.57705425308086e-05,"entropy":0.5003999471664429,"ratio":0.9999966621398926,"approx_kl":2.1983905185152253e-07}