{"returns":1.9649165868759155,"approx_kl":1.2740684951495496e-07,"env_step":9.986048e+06,"ratio_0":1,"value_loss":0.00043555162847042084,"_wandb":{"runtime":190},"_step":9986048,"actor_loss":-9.812763892114162e-06,"win_rate":0.96875,"total_loss":0.0004257388645783067,"_timestamp":1.7809146108602872e+09,"_runtime":190.979432718,"ratio":0.9999985098838806,"entropy":0.41182321310043335,"clip_frac":0}