{"mean_reward_per_step":-0.32504722476005554,"_timestamp":1.7811043914182818e+09,"entropy":0.7100542187690735,"return":-26.81548309326172,"actor_loss":-0.004193749278783798,"grad_norm_actor":0.5684000253677368,"grad_norm_critic":0.5507656335830688,"_runtime":269.924118187,"env_step":9986048,"update_step":1219,"episode_length":26,"approx_kl":0.009049754589796066,"value_loss":0.13263779878616333,"_step":1219,"_wandb":{"runtime":269},"total_loss":0.12134350836277008,"num_episodes_completed":384}