{"ratio_0":1,"approx_kl":1.6353989849449135e-05,"env_step":126976,"value_loss":0.0017515721265226603,"total_loss":0.0015619234181940556,"entropy":1.1322276592254639,"actor_loss":-0.00018964856280945241,"_runtime":2.444332429,"ratio":0.9999950528144836,"win_rate":0,"_step":126976,"returns":0.15144242346286774,"_timestamp":1.7804988560017242e+09,"_wandb":{"runtime":2},"clip_frac":0}