{"ratio":1.0000003576278687,"_timestamp":1.7810838727087834e+09,"_step":9986048,"total_loss":0.019181732088327408,"clip_frac":0,"win_rate":0.659142255783081,"_wandb":{"runtime":336},"value_loss":0.01918773166835308,"ratio_0":0.9999955892562866,"returns":1.6146727800369263,"approx_kl":1.8088927333792526e-07,"actor_loss":-5.99995837546885e-06,"_runtime":336.176409275,"entropy":0.4099535346031189,"env_step":9.986048e+06}