{"value_loss":0.00017480755923315883,"win_rate":1,"_timestamp":1.7809271397459836e+09,"env_step":9.986048e+06,"total_loss":0.0001702065928839147,"_wandb":{"runtime":274},"clip_frac":0,"ratio":0.9999969601631165,"_step":9986048,"ratio_0":1.0000056028366089,"approx_kl":3.867677094149258e-07,"entropy":0.6812406182289124,"actor_loss":-4.600966349244118e-06,"returns":2,"_runtime":274.04348925}