{"mean_reward_agent_7":0,"return_agent_8":-0.24519231915473938,"mean_reward_agent_0":-0.029052734375,"value_loss":1.8491299152374268,"env_step":991232,"entropy":415.7012023925781,"return_agent_4":-0.24519231915473938,"return_agent_0":-0.24519231915473938,"update_step":121,"mean_reward_agent_3":0,"grad_norm_actor":148.54212951660156,"actor_loss":104.78181457519531,"return":-0.24519231915473938,"mean_reward_agent_4":0,"return_agent_3":-0.24519231915473938,"mean_reward_agent_2":0,"return_agent_7":-0.24519231915473938,"state_mse":0.15962745249271393,"mean_reward_per_step":-0.0064561632461845875,"mean_reward_agent_5":0,"mean_reward_agent_8":-0.029052734375,"mean_reward_agent_6":0,"_step":121,"mean_reward_agent_1":0,"approx_kl":0.0005265005747787654,"num_episodes_completed":832,"grad_norm_critic":0.1547272950410843,"return_agent_1":-0.24519231915473938,"_timestamp":1.7799020385480888e+09,"episode_length":10,"total_loss":102.63356018066406,"return_agent_5":-0.24519231915473938,"_runtime":138,"return_agent_6":-0.24519231915473938,"return_agent_2":-0.24519231915473938,"_wandb":{"runtime":138}}