{"_step":9986048,"_timestamp":1.7809354051937878e+09,"approx_kl":7.929546796958675e-08,"clip_frac":0,"entropy":0.34167563915252686,"env_step":9.986048e+06,"total_loss":0.013595888391137123,"ratio_0":1,"ratio":1.000002384185791,"win_rate":0.8268734216690063,"_runtime":271.093552993,"value_loss":0.01359797827899456,"actor_loss":-2.08965502679348e-06,"_wandb":{"runtime":271},"returns":1.7985143661499023}