{"ratio":1.0000005960464478,"_runtime":271.880044824,"returns":1.4417322874069214,"_timestamp":1.780934177084371e+09,"_step":9986048,"value_loss":0.021768540143966675,"actor_loss":-3.6194396670907736e-06,"approx_kl":1.723621352311966e-07,"clip_frac":0,"ratio_0":1,"env_step":9.986048e+06,"entropy":0.1844530999660492,"total_loss":0.02176491916179657,"win_rate":0.5144357085227966,"_wandb":{"runtime":271}}