{"approx_kl":3.2217423040492577e-07,"_step":9986048,"env_step":9.986048e+06,"returns":1.9768023490905762,"win_rate":0.9795918464660645,"value_loss":0.00036517847911454737,"entropy":0.3248995840549469,"ratio_0":1.0000054836273193,"clip_frac":0,"_timestamp":1.78078129653598e+09,"total_loss":0.0003560972400009632,"actor_loss":-9.08124911802588e-06,"_wandb":{"runtime":243},"_runtime":243.669383986,"ratio":0.9999984502792358}