{"return_agent_5":-0.38701924681663513,"mean_reward_agent_0":-0.03369140625,"return_agent_2":-0.38701924681663513,"return_agent_4":-0.38701924681663513,"mean_reward_agent_4":0,"return_agent_8":-0.38701924681663513,"episode_length":10,"return_agent_3":-0.38701924681663513,"grad_norm_actor":700.1024169921875,"return":-0.38701924681663513,"mean_reward_agent_2":0,"return_agent_6":-0.38701924681663513,"grad_norm_critic":0.16387781500816345,"num_episodes_completed":832,"_wandb":{"runtime":137},"mean_reward_agent_3":0,"mean_reward_agent_5":0,"_step":121,"state_mse":0.009324339218437672,"return_agent_7":-0.38701924681663513,"mean_reward_agent_6":0,"value_loss":0.8482769727706909,"mean_reward_agent_7":0,"_timestamp":1.7798985764239244e+09,"_runtime":137,"env_step":991232,"mean_reward_per_step":-0.0074869790114462376,"mean_reward_agent_8":-0.03369140625,"total_loss":152.3997344970703,"entropy":1192.659912109375,"actor_loss":163.46871948242188,"return_agent_0":-0.38701924681663513,"update_step":121,"mean_reward_agent_1":0,"return_agent_1":-0.38701924681663513,"approx_kl":0.0037509433459490538}