{"mean_reward_agent_0":-0.03466796875,"mean_reward_agent_1":0,"return_agent_4":-0.3990384638309479,"actor_loss":166.16746520996094,"mean_reward_agent_5":0,"_wandb":{"runtime":135},"total_loss":155.28440856933594,"update_step":121,"mean_reward_agent_8":-0.03466796875,"grad_norm_actor":270.72711181640625,"mean_reward_agent_4":0,"return":-0.3990384638309479,"approx_kl":0.0012836265377700329,"_timestamp":1.7799035298903797e+09,"return_agent_8":-0.3990384638309479,"_step":121,"mean_reward_agent_7":0,"mean_reward_per_step":-0.0077039930038154125,"return_agent_0":-0.3990384638309479,"return_agent_5":-0.3990384638309479,"return_agent_1":-0.3990384638309479,"env_step":991232,"mean_reward_agent_6":0,"return_agent_2":-0.3990384638309479,"num_episodes_completed":832,"entropy":1171.740966796875,"value_loss":0.8134555816650391,"state_mse":0.02090129628777504,"mean_reward_agent_3":0,"mean_reward_agent_2":0,"episode_length":10,"return_agent_6":-0.3990384638309479,"return_agent_7":-0.3990384638309479,"grad_norm_critic":0.16255557537078857,"return_agent_3":-0.3990384638309479,"_runtime":135}