{"value_loss":0.11906390637159348,"actor_loss":-0.007619914598762989,"entropy":0.7576993703842163,"_step":9986048,"_runtime":361.786111787,"clip_frac":0,"_wandb":{"runtime":361},"returns":-31.632932662963867,"approx_kl":1.954903837031452e-06,"ratio":0.9999973773956299,"_timestamp":1.781111995515797e+09,"total_loss":0.11144398897886276,"ratio_0":1.0000163316726685,"env_step":9.986048e+06}