{"_runtime":343.23011041,"value_loss":0.01932571642100811,"ratio":1.0000014305114746,"entropy":0.36403870582580566,"_step":9986048,"win_rate":0.7288135886192322,"clip_frac":0,"returns":1.6868646144866943,"env_step":9.986048e+06,"approx_kl":2.5257918423449155e-07,"total_loss":0.019320625811815262,"actor_loss":-5.089357728138566e-06,"_timestamp":1.7809371538385491e+09,"ratio_0":0.999998927116394,"_wandb":{"runtime":343}}