{"ratio_0":0.9999990463256836,"_wandb":{"runtime":344},"win_rate":0.8310810923576355,"_runtime":344.09849337,"ratio":0.9999970197677612,"approx_kl":1.997956786681243e-07,"env_step":9.986048e+06,"clip_frac":0,"returns":1.8108106851577759,"actor_loss":-5.105583113618195e-06,"_timestamp":1.7809387125372703e+09,"_step":9986048,"entropy":0.3094536364078522,"total_loss":0.013070467859506607,"value_loss":0.013075573369860649}