{"total_loss":0.016727246344089508,"entropy":0.20069363713264465,"_runtime":338.309396371,"returns":1.7342076301574707,"approx_kl":1.6426272964054078e-07,"clip_frac":0,"_wandb":{"runtime":338},"_timestamp":1.7810842560739417e+09,"value_loss":0.01673080585896969,"_step":9986048,"win_rate":0.7665953040122986,"ratio":1.0000019073486328,"env_step":9.986048e+06,"ratio_0":1.0000056028366089,"actor_loss":-3.5596603993326426e-06}