{"_runtime":343.73278712,"_wandb":{"runtime":343},"ratio_0":1.0000025033950806,"entropy":0.31252455711364746,"ratio":1,"total_loss":0.01628478616476059,"win_rate":0.7569892406463623,"returns":1.7231183052062988,"actor_loss":-6.181071512401104e-06,"value_loss":0.016290966421365738,"approx_kl":2.27882139824942e-07,"env_step":9.986048e+06,"_timestamp":1.780937932988837e+09,"clip_frac":0,"_step":9986048}