{"ratio":1.0000004768371582,"approx_kl":2.1553870510615525e-07,"value_loss":0.01574322022497654,"_timestamp":1.7809375437786322e+09,"returns":1.7330704927444458,"env_step":9.986048e+06,"total_loss":0.015740295872092247,"entropy":0.24669407308101654,"_wandb":{"runtime":344},"ratio_0":1.0000044107437134,"_runtime":344.719534111,"win_rate":0.7669903039932251,"actor_loss":-2.9239454306662083e-06,"_step":9986048,"clip_frac":0}