{"_step":9986048,"token_entropy":0,"ratio":0.9999949932098389,"ratio_0":1.000032901763916,"gumbel_tau":1,"_timestamp":1.7814702502392094e+09,"comm_ctx_norm":0,"returns":-35.387939453125,"rollout/33pct":{"sha256":"3975e9d4c00e30677877492be7b2cbeb63d78e2246961e231c6ba33f66fd12b7","size":263215,"path":"media/videos/rollout/33pct_3284992_3975e9d4c00e30677877.gif","_type":"video-file"},"critic_grad_norm":1.1177738904953003,"env_step":9.986048e+06,"value_loss":0.18997545540332794,"clip_frac":0,"total_loss":0.19130350649356842,"_runtime":1858.08373405,"_wandb":{"runtime":1858},"rollout/0pct":{"size":236471,"path":"media/videos/rollout/0pct_0_adb9c17aaaef444d64c9.gif","_type":"video-file","sha256":"adb9c17aaaef444d64c9463bbff70258c212f02b22d73f25a4e38d6e8f604597"},"approx_kl":4.462413016881328e-06,"rollout/66pct":{"path":"media/videos/rollout/66pct_6586368_de0c6a4ce90474dfedec.gif","_type":"video-file","sha256":"de0c6a4ce90474dfedec479e56d5ffe24fd38eab992eb30d476c22eaa5f783e0","size":262866},"silence_rate":1,"entropy":0.8628806471824646,"actor_loss":0.0013280573766678572,"rollout/100pct":{"sha256":"59f76930134b7a101c8548ec2fed09bdfa07dfa513fab393869a2770447758c3","size":263440,"path":"media/videos/rollout/100pct_9977856_59f76930134b7a101c85.gif","_type":"video-file"},"msg_len":0,"expected_msg_len":1.0000001192092896,"actor_grad_norm":0.4652218222618103}