{"_step":9986048,"value_loss":0.00018410905613563955,"entropy":0.4446732997894287,"env_step":9.986048e+06,"_wandb":{"runtime":215},"_timestamp":1.7809228970168836e+09,"win_rate":1,"total_loss":0.00018056639237329364,"_runtime":215.299760048,"ratio_0":1,"returns":2,"ratio":1.0000005960464478,"clip_frac":0,"actor_loss":-3.542658078004024e-06,"approx_kl":1.331138435034518e-07}