{"mean_reward_agent_8":0,"mean_reward_agent_1":0,"env_step":991232,"return_agent_9":-0.01923076994717121,"return_agent_7":-0.01923076994717121,"grad_norm_actor":545.5428466796875,"mean_reward_per_step":-4.882812572759576e-05,"return_agent_2":-0.01923076994717121,"update_step":121,"grad_norm_critic":0.22700241208076477,"value_loss":0.704453706741333,"state_mse":0.2856083810329437,"mean_reward_agent_7":0,"return_agent_3":-0.01923076994717121,"mean_reward_agent_0":-0.000244140625,"return":-0.01923076994717121,"mean_reward_agent_3":0,"mean_reward_agent_2":0,"actor_loss":-10.481353759765625,"return_agent_5":-0.01923076994717121,"num_episodes_completed":832,"return_agent_8":-0.01923076994717121,"return_agent_1":-0.01923076994717121,"return_agent_0":-0.01923076994717121,"return_agent_6":-0.01923076994717121,"return_agent_4":-0.01923076994717121,"entropy":1236.6383056640625,"mean_reward_agent_9":-0.000244140625,"_step":121,"approx_kl":0.005250185262411833,"_runtime":135,"mean_reward_agent_6":0,"_wandb":{"runtime":135},"mean_reward_agent_4":0,"_timestamp":1.7799021784577756e+09,"mean_reward_agent_5":0,"episode_length":10,"total_loss":-21.857675552368164}