{"num_episodes_completed":384,"return":-75.95954895019531,"approx_kl":0.002377748256549239,"_timestamp":1.7810922236271918e+09,"episode_length_team_agents":20.666667938232422,"return_team_agents":-19.975727081298828,"episode_length":26,"update_step":1219,"_step":1219,"grad_norm_critic":7.921180248260498,"value_loss":6.514808654785156,"env_step":9986048,"_runtime":80.336609954,"entropy":0.48809581995010376,"total_loss":6.507368564605713,"_wandb":{"runtime":80},"mean_reward_per_step":-0.9677094221115112,"actor_loss":-0.002559108892455697,"grad_norm_actor":0.22328758239746094}