{"ratio_0":1,"_step":9986048,"_timestamp":1.7809116755474002e+09,"total_loss":0.0007533365278504789,"returns":1.9886587858200073,"_wandb":{"runtime":189},"ratio":1.000000238418579,"_runtime":189.423252632,"approx_kl":9.746479179284506e-08,"actor_loss":-9.206007234752178e-06,"entropy":0.2024572789669037,"clip_frac":0,"win_rate":0.9887640476226807,"value_loss":0.0007625425350852311,"env_step":9.986048e+06}