{"win_rate":0.9858155846595764,"env_step":9.986048e+06,"clip_frac":0,"approx_kl":3.1891090657154564e-07,"_wandb":{"runtime":272},"actor_loss":-4.277192147128517e-06,"value_loss":0.0004075257747899741,"ratio":1.0000003576278687,"_step":9986048,"returns":1.985212802886963,"_runtime":272.306848174,"entropy":0.5494163036346436,"_timestamp":1.7809268281484647e+09,"total_loss":0.0004032485594507307,"ratio_0":0.9999990463256836}