{"entropy":163.3480987548828,"mean_reward_per_step":0.778076171875,"grad_norm_critic":4.791378498077393,"actor_loss":16.016035079956055,"state_mse":0.05881059542298317,"return_agent_0":7.82932710647583,"_wandb":{"runtime":92},"_runtime":92,"mean_reward_agent_1":0.778076171875,"value_loss":2.805734395980835,"mean_reward_agent_0":0.778076171875,"num_episodes_completed":832,"_step":121,"update_step":121,"return_agent_1":7.82932710647583,"episode_length":10,"_timestamp":1.7798977193128774e+09,"approx_kl":0.1397126168012619,"env_step":991232,"return":7.82932710647583,"grad_norm_actor":2780.041015625,"total_loss":17.247100830078125}