{"ratio":1.0000250339508057,"total_loss":0.424258828163147,"clip_frac":0.00022379557776730508,"actor_grad_norm":0.320005863904953,"returns":-42.61888122558594,"entropy":0.813537061214447,"critic_grad_norm":2.1078097820281982,"_runtime":5480.43632363,"actor_loss":-0.00814738217741251,"ratio_0":0.99998939037323,"_step":9986048,"expected_msg_len":2.014009475708008,"approx_kl":2.914442666224204e-05,"token_entropy":1.697265386581421,"gumbel_tau":0.5,"value_loss":0.4324062168598175,"msg_len":0.9657491445541382,"_timestamp":1.7814873847131755e+09,"_wandb":{"runtime":5480},"env_step":9.986048e+06,"comm_ctx_norm":3.1799585819244385,"silence_rate":0.046875}