{"actor_loss":-8.830102160573006e-06,"approx_kl":8.651823009131476e-07,"grad_norm_critic":0.07845839858055115,"grad_norm_actor":0.08977706730365753,"_timestamp":1.780496622264366e+09,"num_episodes_completed":89,"entropy":0.1735786646604538,"update_step":1219,"win_rate":0.2808988690376282,"env_step":9.986048e+06,"mean_reward_per_step":0.013315319083631039,"_runtime":63.522889203,"_step":1219,"return":1.1986098289489746,"_wandb":{"runtime":63},"total_loss":0.003991973120719194,"episode_length":91.5505599975586,"value_loss":0.004000802990049124}