{"_timestamp":1.78152997254779e+09,"token_entropy":0,"gumbel_tau":1,"critic_grad_norm":2.421462297439575,"msg_len":0.953125,"actor_grad_norm":0.24497440457344055,"approx_kl":5.707346986127959e-07,"ratio":1.0000005960464478,"silence_rate":0.046875,"_wandb":{"runtime":514},"ratio_0":1.0000059604644775,"returns":-48.450706481933594,"total_loss":0.5750259757041931,"env_step":9.986048e+06,"_runtime":514.200460376,"clip_frac":0,"_step":9986048,"comm_ctx_norm":1.6956164836883545,"actor_loss":-0.00773401977494359,"entropy":0.7726525068283081,"value_loss":0.5827600359916687,"expected_msg_len":1}