{"_step":9986048,"entropy":0.778677225112915,"total_loss":0.4766193628311157,"env_step":9.986048e+06,"critic_grad_norm":1.9784517288208008,"actor_loss":-0.007776442915201187,"returns":-42.79967498779297,"value_loss":0.4843957722187042,"comm_ctx_norm":2.983152389526367,"ratio_0":0.9999972581863403,"expected_msg_len":4.724644660949707,"_wandb":{"runtime":4306},"ratio":1.0000473260879517,"clip_frac":0.0005187988863326609,"gumbel_tau":1,"silence_rate":0.046875,"_timestamp":1.7814817010536664e+09,"approx_kl":9.115791908698156e-05,"actor_grad_norm":0.3291664123535156,"_runtime":4306.623203311,"token_entropy":1.5168145895004272,"msg_len":3.8509929180145264}