{"grad_norm_actor":0.00730661628767848,"grad_norm_critic":0.03099435195326805,"mean_reward_agent_0":0.900634765625,"return":9.052885055541992,"return_agent_0":9.052885055541992,"episode_length":10,"return_agent_2":9.052885055541992,"mean_reward_agent_2":0.900634765625,"entropy":0.01971512846648693,"update_step":66,"return_agent_1":9.052885055541992,"_timestamp":1.779897608686502e+09,"mean_reward_per_step":0.6004232168197632,"actor_loss":-1306.831298828125,"env_step":540672,"_step":66,"total_loss":-1304.178955078125,"_runtime":56,"_wandb":{"runtime":56},"value_loss":2.652488946914673,"num_episodes_completed":832,"mean_reward_agent_1":0,"approx_kl":1.8181576422193757e-07}