{"ratio_0":1,"ratio":0.9999994039535522,"total_loss":0.015739712864160538,"actor_loss":-8.858623914420605e-07,"_wandb":{"runtime":270},"env_step":9.986048e+06,"_step":9986048,"entropy":0.31072065234184265,"clip_frac":0,"approx_kl":2.4566533696201986e-08,"returns":1.7531251907348633,"_timestamp":1.7809354051970422e+09,"win_rate":0.7812500596046448,"_runtime":270.962498337,"value_loss":0.01574059948325157}