{"grad_norm_critic":0.12040098011493683,"return_agent_4":-0.5,"total_loss":230.21530151367188,"mean_reward_agent_0":-0.046630859375,"mean_reward_agent_1":0,"entropy":986.179443359375,"grad_norm_actor":324.38262939453125,"state_mse":0.01686495915055275,"mean_reward_agent_3":0,"return":-0.5,"mean_reward_agent_2":0,"value_loss":1.0942838191986084,"return_agent_2":-0.5,"env_step":991232,"return_agent_6":-0.5,"mean_reward_agent_8":0,"return_agent_3":-0.5,"actor_loss":238.96592712402344,"_runtime":139,"approx_kl":0.0012490850640460849,"update_step":121,"_wandb":{"runtime":139},"num_episodes_completed":832,"return_agent_7":-0.5,"episode_length":10,"return_agent_8":-0.5,"mean_reward_agent_6":0,"mean_reward_agent_4":0,"return_agent_5":-0.5,"return_agent_9":-0.5,"mean_reward_agent_9":-0.046630859375,"_timestamp":1.7798987207488286e+09,"mean_reward_agent_5":0,"mean_reward_agent_7":0,"_step":121,"mean_reward_per_step":-0.009326172061264515,"return_agent_0":-0.5,"return_agent_1":-0.5}