{"return":-0.4014423191547394,"return_agent_0":-0.4014423191547394,"return_agent_6":-0.4014423191547394,"mean_reward_agent_5":0,"entropy":1199.6923828125,"total_loss":161.68670654296875,"mean_reward_agent_7":0,"return_agent_7":-0.4014423191547394,"state_mse":0.2198060154914856,"return_agent_4":-0.4014423191547394,"mean_reward_agent_1":0,"mean_reward_agent_4":0,"_step":121,"return_agent_3":-0.4014423191547394,"approx_kl":0.0022365390323102474,"mean_reward_agent_2":0,"mean_reward_agent_0":-0.03466796875,"mean_reward_per_step":-0.0077039930038154125,"num_episodes_completed":832,"env_step":991232,"grad_norm_actor":586.8602294921875,"_timestamp":1.7799020385471096e+09,"_wandb":{"runtime":138},"actor_loss":172.64462280273438,"return_agent_2":-0.4014423191547394,"_runtime":138,"return_agent_1":-0.4014423191547394,"episode_length":10,"mean_reward_agent_8":-0.03466796875,"mean_reward_agent_3":0,"return_agent_5":-0.4014423191547394,"update_step":121,"value_loss":0.8192039132118225,"mean_reward_agent_6":0,"return_agent_8":-0.4014423191547394,"grad_norm_critic":0.18369705975055695}