{"_wandb":{"runtime":336},"clip_frac":0,"win_rate":0.7162470817565918,"_step":9986048,"env_step":9.986048e+06,"approx_kl":2.3337089771757746e-07,"returns":1.676601767539978,"ratio":1.000001072883606,"total_loss":0.018682103604078293,"actor_loss":-1.1157913831993937e-05,"entropy":0.2728191614151001,"_runtime":336.051790259,"_timestamp":1.7810834916959915e+09,"ratio_0":0.9999991059303284,"value_loss":0.018693260848522186}