{"expected_msg_len":1.0000001192092896,"actor_grad_norm":0.6366734504699707,"actor_loss":0.0017049333546310663,"ratio":0.999983549118042,"rollout/100pct":{"_type":"video-file","sha256":"a729c53213090ef68077b190676900c7bb7c37cea1820bd3e0f320e99733f1f2","size":61771,"path":"media/videos/rollout/100pct_9977856_a729c53213090ef68077.gif"},"entropy":0.8242539167404175,"comm_ctx_norm":0,"ratio_0":0.9999377131462097,"clip_frac":0,"_timestamp":1.781472239808528e+09,"approx_kl":5.303690159053076e-06,"msg_len":0,"critic_grad_norm":0.6095939874649048,"_wandb":{"runtime":1850},"rollout/0pct":{"_type":"video-file","sha256":"e7831c1f1ca7a7469bbff1fece2071c8deeee070ce2872ef60602886a802a2fb","size":59129,"path":"media/videos/rollout/0pct_0_e7831c1f1ca7a7469bbf.gif"},"_runtime":1850.958154839,"returns":-29.083105087280273,"gumbel_tau":1,"rollout/66pct":{"sha256":"1de2b11ebc97f40af562536e013205719616218438c72efb066e24203f75ee1c","size":60427,"path":"media/videos/rollout/66pct_6586368_1de2b11ebc97f40af562.gif","_type":"video-file"},"rollout/33pct":{"size":60201,"path":"media/videos/rollout/33pct_3284992_f889e7f37f1f15e40d68.gif","_type":"video-file","sha256":"f889e7f37f1f15e40d68c3e23cdcb7cdce94fe9ac75ed1c760c04ef233cc424b"},"env_step":9.986048e+06,"_step":9986048,"value_loss":0.09246944636106491,"total_loss":0.09417437016963959,"silence_rate":1,"token_entropy":0}