{"return_agent_3":5.956730842590332,"return_agent_2":5.956730842590332,"mean_reward_agent_3":0,"episode_length":10,"update_step":121,"mean_reward_per_step":0.19775390625,"return_agent_4":5.956730842590332,"_step":121,"env_step":991232,"mean_reward_agent_2":0,"grad_norm_critic":0.08186575770378113,"_timestamp":1.7799016370961528e+09,"return_agent_5":5.956730842590332,"_wandb":{"runtime":116},"entropy":0.004752837587147951,"num_episodes_completed":832,"mean_reward_agent_1":0,"approx_kl":2.417987707303837e-05,"state_mse":0.0022495118901133537,"mean_reward_agent_4":0,"mean_reward_agent_0":0.59326171875,"_runtime":116,"value_loss":1.8630577325820923,"return_agent_0":5.956730842590332,"total_loss":-2523.17431640625,"actor_loss":-2525.03955078125,"grad_norm_actor":0.00939191970974207,"return_agent_1":5.956730842590332,"return":5.956730842590332,"mean_reward_agent_5":0.59326171875}