{"return_agent_1":7.021635055541992,"grad_norm_critic":0.14788039028644562,"update_step":121,"value_loss":2.3535375595092773,"mean_reward_agent_2":0,"return_agent_4":7.021635055541992,"mean_reward_agent_0":0.691650390625,"mean_reward_per_step":0.27666017413139343,"return_agent_0":7.021635055541992,"num_episodes_completed":832,"return_agent_2":7.021635055541992,"state_mse":0.0019992219749838114,"env_step":991232,"_timestamp":1.7798980508921416e+09,"grad_norm_actor":0.007919056341052055,"total_loss":-2214.82080078125,"mean_reward_agent_4":0.691650390625,"_runtime":113,"mean_reward_agent_3":0,"return":7.021635055541992,"episode_length":10,"mean_reward_agent_1":0,"_wandb":{"runtime":113},"actor_loss":-2217.17626953125,"return_agent_3":7.021635055541992,"_step":121,"approx_kl":6.157768075354397e-05,"entropy":0.0037926295772194862}