{"expected_msg_len":5.606668472290039,"ratio_0":0.9999960660934448,"critic_grad_norm":1.977867841720581,"returns":-43.044517517089844,"token_entropy":1.7823171615600586,"actor_grad_norm":0.3119536340236664,"actor_loss":-0.007898377254605293,"total_loss":0.4448913335800171,"gumbel_tau":1,"comm_ctx_norm":2.250075578689575,"value_loss":0.4527897536754608,"_runtime":4306.800423535,"ratio":1.0000107288360596,"_timestamp":1.781481701059451e+09,"_step":9986048,"msg_len":4.7477312088012695,"entropy":0.7931370139122009,"approx_kl":8.626258932054043e-05,"_wandb":{"runtime":4306},"clip_frac":0.0007731119403615594,"silence_rate":0.046875,"env_step":9.986048e+06}