{"total_loss":0.004865329712629318,"_step":6582272,"approx_kl":0.00016891332052182406,"returns":1.5755467414855957,"win_rate":0.6097560524940491,"ratio_0":0.9999843835830688,"_runtime":83.558988876,"env_step":6582272,"ratio":0.9999678730964661,"value_loss":0.004974242299795151,"_wandb":{"runtime":83},"actor_loss":-0.00010891287820413709,"_timestamp":1.780495950027945e+09,"clip_frac":0.0198974609375,"entropy":0.16601784527301788}