{"total_loss":0.0015619234181940556,"entropy":1.1322276592254639,"returns":0.15144242346286774,"win_rate":0,"ratio":0.9999950528144836,"env_step":126976,"_timestamp":1.780498818703512e+09,"clip_frac":0,"approx_kl":1.6353989849449135e-05,"_wandb":{"runtime":0},"_step":126976,"ratio_0":1,"_runtime":0.689671929,"value_loss":0.0017515721265226603,"actor_loss":-0.00018964856280945241}