{"_wandb":{"runtime":81},"entropy":0.7645859122276306,"num_episodes_completed":384,"episode_length_team_agents":20.666667938232422,"env_step":9986048,"value_loss":1.4384430646896362,"approx_kl":0.005727045703679323,"total_loss":1.4216585159301758,"_runtime":81.259772901,"grad_norm_actor":0.48822927474975586,"grad_norm_critic":1.21903395652771,"_timestamp":1.7810928321682441e+09,"actor_loss":-0.00913881603628397,"_step":1219,"return_team_agents":-8.841466903686523,"update_step":1219,"mean_reward_per_step":-0.4436309039592743,"return":-35.76072692871094,"episode_length":26}