{"_runtime":121,"total_loss":168.29937744140625,"mean_reward_agent_2":0,"mean_reward_agent_6":0,"grad_norm_critic":0.15422523021697998,"return_agent_4":-0.39182692766189575,"mean_reward_agent_4":0,"_step":121,"return_agent_7":-0.39182692766189575,"return_agent_1":-0.39182692766189575,"env_step":991232,"return_agent_6":-0.39182692766189575,"return":-0.39182692766189575,"update_step":121,"_timestamp":1.7798953588225532e+09,"mean_reward_agent_5":0,"approx_kl":0.004652304109185934,"grad_norm_actor":942.31103515625,"return_agent_0":-0.39182692766189575,"mean_reward_agent_8":-0.035400390625,"num_episodes_completed":832,"mean_reward_agent_1":0,"return_agent_5":-0.39182692766189575,"mean_reward_agent_3":0,"actor_loss":180.31640625,"return_agent_8":-0.39182692766189575,"mean_reward_agent_0":-0.035400390625,"_wandb":{"runtime":121},"return_agent_3":-0.39182692766189575,"entropy":1274.41845703125,"mean_reward_per_step":-0.00786675326526165,"episode_length":10,"value_loss":0.7271447777748108,"return_agent_2":-0.39182692766189575,"mean_reward_agent_7":0}