{"mean_reward_agent_2":0.897216796875,"episode_length":10,"return_agent_0":8.980769157409668,"_step":66,"return_agent_1":8.980769157409668,"actor_loss":-1307.4698486328125,"mean_reward_agent_0":0.897216796875,"return":8.980769157409668,"value_loss":2.6457631587982178,"approx_kl":5.667455482694095e-08,"update_step":66,"return_agent_2":8.980769157409668,"num_episodes_completed":832,"env_step":540672,"entropy":0.018766887485980988,"_wandb":{"runtime":56},"grad_norm_critic":0.030602669343352318,"mean_reward_agent_1":0,"_timestamp":1.7798976086873922e+09,"grad_norm_actor":0.006925369147211313,"_runtime":56,"total_loss":-1304.8243408203125,"mean_reward_per_step":0.59814453125}