{"return_agent_1":10,"grad_norm_actor":0.6051905155181885,"_wandb":{"runtime":83},"_timestamp":1.7798975484813643e+09,"mean_reward_per_step":1,"return":10,"update_step":121,"actor_loss":-0.022577285766601562,"_runtime":83,"approx_kl":0.0008530196500942111,"mean_reward_agent_1":1,"entropy":2.1721737384796143,"grad_norm_critic":0.0441707968711853,"episode_length":10,"mean_reward_agent_0":1,"_step":121,"num_episodes_completed":832,"value_loss":6.258798384806141e-05,"return_agent_0":10,"total_loss":-0.0442364364862442,"env_step":991232}