{"_wandb":{"runtime":91},"return":8.4375,"_step":121,"_timestamp":1.7799042919402738e+09,"episode_length":10,"_runtime":91,"num_episodes_completed":832,"value_loss":2.559135913848877,"return_agent_1":8.4375,"mean_reward_agent_0":0.8388671875,"mean_reward_agent_1":0,"env_step":991232,"return_agent_0":8.4375,"total_loss":-1293.829345703125,"grad_norm_actor":0.0037858029827475548,"update_step":121,"approx_kl":1.1553412150533404e-05,"entropy":0.004610332194715738,"mean_reward_per_step":0.5592448115348816,"state_mse":0.001323130913078785,"grad_norm_critic":0.05865646153688431,"actor_loss":-1296.389892578125,"mean_reward_agent_2":0.8388671875,"return_agent_2":8.4375}