{"total_loss":-1305.9322509765625,"entropy":0.007179741747677326,"grad_norm_critic":0.045205503702163696,"mean_reward_per_step":0.5966796875,"mean_reward_agent_0":0.89501953125,"num_episodes_completed":832,"_wandb":{"runtime":94},"episode_length":10,"return_agent_2":8.985577583312988,"return_agent_1":8.985577583312988,"grad_norm_actor":0.011125987395644188,"env_step":991232,"update_step":121,"actor_loss":-1308.5721435546875,"return":8.985577583312988,"state_mse":0.0012522900942713022,"mean_reward_agent_2":0.89501953125,"approx_kl":-8.651896421518757e-10,"mean_reward_agent_1":0,"return_agent_0":8.985577583312988,"value_loss":2.6387009620666504,"_timestamp":1.7799012923330796e+09,"_step":121,"_runtime":94}