{"win_rate":1,"entropy":0.36296677589416504,"actor_loss":-1.039076664710592e-06,"_wandb":{"runtime":216},"clip_frac":0,"ratio_0":1,"_timestamp":1.7809238869136324e+09,"approx_kl":1.0997003130341909e-07,"env_step":9.986048e+06,"_runtime":216.874738112,"value_loss":0.0001622548879822716,"ratio":0.9999969601631165,"returns":2,"total_loss":0.0001612158230273053,"_step":9986048}