{"total_loss":69.14088439941406,"grad_norm_critic":0.11053913831710815,"update_step":121,"mean_reward_agent_4":0,"mean_reward_agent_3":0,"mean_reward_agent_2":0,"return_agent_6":-0.125,"return_agent_1":-0.125,"mean_reward_agent_0":-0.019287109375,"value_loss":0.667180597782135,"return_agent_7":-0.125,"num_episodes_completed":832,"mean_reward_per_step":-0.0042860242538154125,"return_agent_8":-0.125,"env_step":991232,"entropy":1286.41943359375,"return_agent_5":-0.125,"return":-0.125,"mean_reward_agent_5":0,"approx_kl":0.003432832658290863,"_timestamp":1.7798953588231404e+09,"return_agent_4":-0.125,"_step":121,"return_agent_2":-0.125,"actor_loss":81.33788299560547,"_wandb":{"runtime":121},"mean_reward_agent_1":0,"mean_reward_agent_7":0,"grad_norm_actor":527.5199584960938,"_runtime":121,"mean_reward_agent_6":0,"episode_length":10,"mean_reward_agent_8":-0.019287109375,"return_agent_3":-0.125,"return_agent_0":-0.125}