{"_step":9986048,"_runtime":218.708264314,"approx_kl":1.6359849723812658e-06,"ratio":1.000015139579773,"total_loss":4.472122964216396e-05,"ratio_0":1,"win_rate":1,"actor_loss":-3.108039891230874e-05,"_timestamp":1.7809125749030972e+09,"entropy":0.33335617184638977,"value_loss":7.580163219245151e-05,"returns":2,"_wandb":{"runtime":218},"env_step":9.986048e+06,"clip_frac":1.220703143189894e-05}