{"mean_reward_agent_5":0,"return":0,"approx_kl":0.0002828794240485877,"return_agent_5":0,"grad_norm_actor":921.1875,"mean_reward_agent_3":0,"episode_length":10,"return_agent_3":0,"mean_reward_per_step":0.00021701389050576836,"mean_reward_agent_0":0.0009765625,"value_loss":0.4587706923484802,"_wandb":{"runtime":121},"return_agent_1":0,"return_agent_7":0,"_timestamp":1.7798953588214765e+09,"update_step":121,"return_agent_2":0,"mean_reward_agent_8":0.0009765625,"return_agent_4":0,"mean_reward_agent_1":0,"mean_reward_agent_4":0,"num_episodes_completed":832,"entropy":1419.033935546875,"total_loss":-71.77952575683594,"mean_reward_agent_6":0,"_step":121,"actor_loss":-58.047950744628906,"return_agent_8":0,"mean_reward_agent_2":0,"return_agent_0":0,"env_step":991232,"grad_norm_critic":0.1884048581123352,"mean_reward_agent_7":0,"_runtime":121,"return_agent_6":0}