{"_step":121,"env_step":991232,"episode_length":10,"return_agent_0":9.995192527770996,"state_mse":0.04179012402892113,"entropy":68.44205474853516,"grad_norm_critic":0.11700722575187683,"_wandb":{"runtime":90},"update_step":121,"mean_reward_agent_1":0.99951171875,"actor_loss":474.93096923828125,"return_agent_1":9.995192527770996,"value_loss":0.002706309547647834,"_timestamp":1.7799011927818139e+09,"return":9.995192527770996,"num_episodes_completed":832,"total_loss":474.2910461425781,"_runtime":90,"mean_reward_per_step":0.99951171875,"grad_norm_actor":7632.08837890625,"approx_kl":0.05123249068856239,"mean_reward_agent_0":0.99951171875}