{"grad_norm_actor":0.42837172746658325,"actor_loss":-0.008494241163134575,"_step":1219,"entropy":0.7085692882537842,"_runtime":79.453668389,"return_team_agents":-6.094056129455566,"episode_length":26,"return":-26.1229248046875,"total_loss":0.42304348945617676,"num_episodes_completed":384,"update_step":1219,"grad_norm_critic":0.59014892578125,"value_loss":0.43862348794937134,"episode_length_team_agents":20.666667938232422,"approx_kl":0.006426610052585602,"_timestamp":1.781093236943962e+09,"mean_reward_per_step":-0.3165133595466614,"_wandb":{"runtime":79},"env_step":9986048}