{"value_loss":11.965991020202637,"actor_loss":-0.0043652537278831005,"_timestamp":1.781092425978098e+09,"_runtime":81.041290781,"env_step":9986048,"num_episodes_completed":384,"approx_kl":0.0036897349637001753,"return":-75.169189453125,"_wandb":{"runtime":81},"_step":1219,"mean_reward_per_step":-0.9519330263137817,"episode_length":26,"entropy":0.6697253584861755,"total_loss":11.954936027526855,"update_step":1219,"episode_length_team_agents":20.666667938232422,"grad_norm_critic":10.798835754394531,"return_team_agents":-19.63726043701172,"grad_norm_actor":0.3022887706756592}