{"num_episodes_completed":832,"mean_reward_agent_3":0,"entropy":1242.086669921875,"return_agent_1":-0.03125,"update_step":121,"_step":121,"grad_norm_critic":0.4782426357269287,"value_loss":0.7675612568855286,"_wandb":{"runtime":110},"return_agent_4":-0.03125,"return_agent_7":-0.03125,"episode_length":10,"mean_reward_agent_2":0,"return_agent_6":-0.03125,"return_agent_2":-0.03125,"mean_reward_agent_0":-0.004150390625,"mean_reward_agent_4":0,"env_step":991232,"mean_reward_agent_6":0,"mean_reward_agent_7":-0.004150390625,"mean_reward_agent_5":0,"grad_norm_actor":354.9094543457031,"return_agent_0":-0.03125,"_runtime":110,"approx_kl":2.4600532924523577e-05,"_timestamp":1.7798952323795567e+09,"return_agent_5":-0.03125,"mean_reward_agent_1":0,"return_agent_3":-0.03125,"return":-0.03125,"actor_loss":30.996095657348633,"total_loss":19.34279441833496,"mean_reward_per_step":-0.00103759765625}