{"_wandb":{"runtime":183},"value_loss":0.00017167808255180717,"ratio_0":1,"win_rate":1,"_timestamp":1.7809114551162767e+09,"ratio":0.999998927116394,"returns":1.999999761581421,"entropy":0.7537333965301514,"_runtime":183.419785408,"clip_frac":0,"total_loss":0.00016758785932324827,"env_step":9.986048e+06,"_step":9986048,"approx_kl":9.923745381001936e-08,"actor_loss":-4.090213678864529e-06}