{"_timestamp":1.7810993918090138e+09,"episode_length":26,"approx_kl":0.0654480829834938,"grad_norm_critic":1.0200141668319702,"actor_loss":-0.03322622925043106,"entropy":0.6435374617576599,"return":-43.39915084838867,"mean_reward_per_step":-0.5478342771530151,"update_step":1219,"grad_norm_actor":0.3847433030605316,"value_loss":0.8018592000007629,"env_step":9986048,"_step":1219,"_runtime":1018.858217409,"_wandb":{"runtime":1018},"total_loss":0.7621976733207703,"num_episodes_completed":384}