{"total_loss":21.43935775756836,"update_step":121,"grad_norm_actor":388.8153381347656,"_step":121,"grad_norm_critic":0.20055091381072998,"value_loss":0.7473053932189941,"mean_reward_agent_6":0,"mean_reward_agent_0":-0.00439453125,"return_agent_4":-0.055288463830947876,"return_agent_6":-0.055288463830947876,"_runtime":127,"return":-0.055288463830947876,"return_agent_0":-0.055288463830947876,"actor_loss":32.73139953613281,"episode_length":10,"num_episodes_completed":832,"return_agent_7":-0.055288463830947876,"return_agent_2":-0.055288463830947876,"mean_reward_agent_2":0,"mean_reward_agent_7":-0.00439453125,"_timestamp":1.7799018954499638e+09,"mean_reward_agent_5":0,"return_agent_3":-0.055288463830947876,"state_mse":0.346879780292511,"env_step":991232,"mean_reward_agent_3":0,"mean_reward_agent_4":0,"_wandb":{"runtime":127},"mean_reward_agent_1":0,"entropy":1238.6226806640625,"mean_reward_per_step":-0.0010986328125,"approx_kl":0.0009522062609903514,"return_agent_5":-0.055288463830947876,"return_agent_1":-0.055288463830947876}