{"_step":121,"state_mse":0.0011531952768564224,"value_loss":2.6421265602111816,"return_agent_0":8.959135055541992,"_wandb":{"runtime":96},"approx_kl":9.465693118215768e-09,"actor_loss":-1307.3609619140625,"grad_norm_critic":0.056319430470466614,"mean_reward_agent_2":0.893798828125,"mean_reward_agent_0":0.893798828125,"entropy":0.0073667243123054504,"env_step":991232,"mean_reward_agent_1":0,"num_episodes_completed":832,"_timestamp":1.77990279093732e+09,"update_step":121,"grad_norm_actor":0.008994395844638348,"mean_reward_per_step":0.5958659052848816,"return":8.959135055541992,"return_agent_1":8.959135055541992,"return_agent_2":8.959135055541992,"_runtime":96,"episode_length":10,"total_loss":-1304.718017578125}