{"_step":121,"mean_reward_agent_2":0,"_wandb":{"runtime":120},"total_loss":-2570.012451171875,"mean_reward_agent_4":0,"return_agent_5":5.944711685180664,"grad_norm_actor":0.006450007203966379,"mean_reward_agent_3":0,"grad_norm_critic":0.06543844193220139,"episode_length":10,"approx_kl":0.00019963388331234455,"_runtime":120,"return":5.944711685180664,"mean_reward_agent_1":0,"return_agent_3":5.944711685180664,"return_agent_1":5.944711685180664,"actor_loss":-2571.773193359375,"return_agent_2":5.944711685180664,"update_step":121,"value_loss":1.7589294910430908,"mean_reward_agent_0":0.583740234375,"return_agent_4":5.944711685180664,"mean_reward_per_step":0.194580078125,"env_step":991232,"num_episodes_completed":832,"_timestamp":1.7798981763902152e+09,"entropy":0.0055023012682795525,"return_agent_0":5.944711685180664,"mean_reward_agent_5":0.583740234375,"state_mse":0.0019623665139079094}