{"entropy":0.39035671949386597,"clip_frac":0,"ratio":1.000009536743164,"approx_kl":3.5227435546403285e-07,"_runtime":242.27238057,"actor_loss":-1.9497685570968315e-05,"_wandb":{"runtime":242},"_timestamp":1.780781576838044e+09,"total_loss":2.5923149223672226e-05,"value_loss":4.542083479464054e-05,"returns":1.999999761581421,"ratio_0":1.0000121593475342,"env_step":9.986048e+06,"_step":9986048,"win_rate":1}