{"return":1.953932523727417,"episode_length":61.452552795410156,"total_loss":0.0014176677213981748,"_wandb":{"runtime":65},"_runtime":65.497276737,"approx_kl":1.370445943393861e-07,"grad_norm_actor":0.14015784859657288,"mean_reward_per_step":0.03220304474234581,"num_episodes_completed":137,"grad_norm_critic":0.05076475068926811,"_timestamp":1.780498328250467e+09,"_step":1219,"env_step":9.986048e+06,"value_loss":0.0014230702072381973,"update_step":1219,"win_rate":0.956204354763031,"entropy":0.30283012986183167,"actor_loss":-5.402509032137459e-06}