{"env_step":9.986048e+06,"_step":9986048,"clip_frac":0,"actor_loss":-3.592082066461444e-06,"win_rate":0.824355959892273,"returns":1.8027515411376953,"approx_kl":5.8552927839627955e-08,"value_loss":0.012497683987021446,"_wandb":{"runtime":275},"entropy":0.27814584970474243,"ratio_0":1,"_timestamp":1.7809347911752098e+09,"_runtime":275.391643003,"ratio":1.0000014305114746,"total_loss":0.012494091875851154}