{"mean_reward_per_step":0.22998046875,"actor_loss":-839.9786987304688,"mean_reward_agent_2":0,"value_loss":2.576456069946289,"return_agent_0":4.730769634246826,"approx_kl":1.173331379890442,"update_step":121,"state_mse":0.1488933116197586,"return_agent_1":4.730769634246826,"return":4.730769634246826,"grad_norm_actor":3057.684814453125,"episode_length":10,"_step":121,"_runtime":97,"grad_norm_critic":2.0043768882751465,"mean_reward_agent_0":0.4599609375,"env_step":991232,"mean_reward_agent_3":0.4599609375,"_wandb":{"runtime":97},"return_agent_2":4.730769634246826,"mean_reward_agent_1":0,"entropy":211.691650390625,"num_episodes_completed":832,"return_agent_3":4.730769634246826,"_timestamp":1.7799043937033932e+09,"total_loss":-839.3701782226562}