{"rollout/100pct":{"size":106991,"path":"media/videos/rollout/100pct_9977856_cdc058d23badc7cfff84.gif","_type":"video-file","sha256":"cdc058d23badc7cfff847c8cf56dc23a6e57847cac167b8622b797bea7df4390"},"token_entropy":0,"rollout/0pct":{"path":"media/videos/rollout/0pct_0_682ea9a9765cc727f319.gif","_type":"video-file","sha256":"682ea9a9765cc727f31903bf5fc35d29644c18f8f3d4703920d9b62a1a480a37","size":72062},"ratio":1.0000067949295044,"_timestamp":1.7814742662243025e+09,"expected_msg_len":1.0000073909759521,"env_step":9.986048e+06,"_runtime":1850.345718364,"rollout/66pct":{"_type":"video-file","sha256":"e94380d329a8104fa96264cb5620dda0c10e12e6858172d2466303fde1f1039c","size":108020,"path":"media/videos/rollout/66pct_6586368_e94380d329a8104fa962.gif"},"silence_rate":1,"_wandb":{"runtime":1850},"actor_loss":-0.009744101203978062,"approx_kl":1.6857809441717109e-06,"returns":-59.500545501708984,"value_loss":0.5753081440925598,"gumbel_tau":1,"entropy":0.9745567440986633,"comm_ctx_norm":0,"actor_grad_norm":0.20203553140163422,"msg_len":0,"clip_frac":0,"rollout/33pct":{"_type":"video-file","sha256":"037b7b831118b3cfaa018a6c4a12460467d866b612a1854299c785abb6d64b99","size":106759,"path":"media/videos/rollout/33pct_3284992_037b7b831118b3cfaa01.gif"},"total_loss":0.5655640363693237,"critic_grad_norm":2.8268420696258545,"ratio_0":1.0000017881393433,"_step":9986048}