{"returns":1.9925264120101929,"value_loss":0.00017906379071064293,"clip_frac":0,"ratio_0":1,"actor_loss":-6.316206963674631e-06,"ratio":1.0000009536743164,"_wandb":{"runtime":216},"total_loss":0.00017274759011343122,"_step":9986048,"_runtime":216.833421406,"win_rate":0.9929577112197876,"env_step":9.986048e+06,"_timestamp":1.7809238869105024e+09,"entropy":0.36634382605552673,"approx_kl":8.49466204044802e-08}