{"approx_kl":0.05025959759950638,"_runtime":970.132477506,"return":-69.57600402832031,"_step":1219,"_wandb":{"runtime":970},"episode_length":26,"entropy":0.6230438351631165,"_timestamp":1.7810952723280268e+09,"total_loss":0.6396952271461487,"grad_norm_critic":1.453107237815857,"env_step":9986048,"update_step":1219,"mean_reward_per_step":-0.8852360248565674,"num_episodes_completed":384,"value_loss":0.6758970022201538,"actor_loss":-0.02997116558253765,"grad_norm_actor":0.4199935495853424}