{"grad_norm_critic":2.0643393993377686,"grad_norm_actor":0.09676587581634521,"actor_loss":-0.0035416781902313232,"_step":412,"episode_length":26,"_runtime":325.268414018,"update_step":412,"mean_reward_per_step":-1.0358939170837402,"num_episodes_completed":256,"total_loss":1.4658154249191284,"entropy":1.2761404514312744,"_wandb":{"runtime":325},"return":-81.94586181640625,"_timestamp":1.7811027422668762e+09,"value_loss":1.4821183681488037,"approx_kl":0.022977208718657494,"env_step":3375104}