{"update_step":121,"mean_reward_agent_0":0.8642578125,"value_loss":2.5867648124694824,"grad_norm_actor":1112.957763671875,"return_agent_1":8.66105842590332,"return_agent_0":8.66105842590332,"_timestamp":1.779904291940786e+09,"entropy":30.55567169189453,"_runtime":91,"return_agent_2":8.66105842590332,"env_step":991232,"mean_reward_agent_1":0,"actor_loss":-1267.84033203125,"_wandb":{"runtime":91},"num_episodes_completed":832,"total_loss":-1265.5,"return":8.66105842590332,"mean_reward_per_step":0.576171875,"episode_length":10,"state_mse":0.05930571258068085,"grad_norm_critic":0.2894224226474762,"mean_reward_agent_2":0.8642578125,"_step":121,"approx_kl":0.19903427362442017}