{"returns":2,"actor_loss":-8.805422112345695e-06,"env_step":9.986048e+06,"win_rate":1,"clip_frac":0,"_timestamp":1.780928074457527e+09,"ratio_0":1.0000014305114746,"_step":9986048,"total_loss":7.850909605622292e-05,"entropy":0.4907025694847107,"value_loss":8.7314510892611e-05,"approx_kl":3.47856229154786e-07,"ratio":0.9999985098838806,"_runtime":272.836764612,"_wandb":{"runtime":272}}