{"_runtime":0.044479549,"clip_frac":0.05373535305261612,"win_rate":0,"entropy":1.202001929283142,"total_loss":2.420062303543091,"_wandb":{"runtime":0},"ratio":1.0000020265579224,"actor_loss":-0.00015660181816201657,"value_loss":2.4202189445495605,"env_step":4096,"approx_kl":0.00034018795122392476,"ratio_0":1,"returns":0.2183370143175125,"_timestamp":1.780498788022088e+09,"_step":4096}