{"_wandb":{"runtime":359},"ratio_0":0.9999801516532898,"value_loss":0.04741338640451431,"ratio":0.9999667406082153,"approx_kl":4.6114173528621905e-06,"returns":-24.36348533630371,"entropy":0.6624954342842102,"total_loss":0.04074772447347641,"env_step":9.986048e+06,"_runtime":359.624125161,"_timestamp":1.7811123923482172e+09,"actor_loss":-0.006665657740086317,"_step":9986048,"clip_frac":0}