{"win_rate":0.8296943306922913,"value_loss":0.01297038421034813,"_timestamp":1.780935405195409e+09,"_wandb":{"runtime":270},"_runtime":270.903725278,"total_loss":0.012968318536877632,"ratio_0":1,"_step":9986048,"actor_loss":-2.064625732600689e-06,"returns":1.8093340396881104,"approx_kl":4.630070904454442e-08,"env_step":9.986048e+06,"ratio":1.0000016689300537,"clip_frac":0,"entropy":0.28937575221061707}