{"entropy":0.5281127691268921,"actor_loss":-1.222738137585111e-05,"value_loss":9.278886864194646e-05,"approx_kl":2.7940245672652964e-07,"clip_frac":0,"ratio":1.0000019073486328,"_runtime":273.960904968,"_timestamp":1.7809274523286688e+09,"total_loss":8.056148362811655e-05,"ratio_0":1.0000052452087402,"returns":2,"env_step":9.986048e+06,"_step":9986048,"win_rate":1,"_wandb":{"runtime":273}}