{"msg_len":9.476725578308105,"gumbel_tau":1,"_timestamp":1.7815213373567827e+09,"clip_frac":0.0018208820838481188,"returns":-26.423086166381836,"total_loss":0.061218660324811935,"ratio":0.9999992251396179,"ratio_0":0.9999974966049194,"expected_msg_len":9.946845054626465,"actor_grad_norm":0.5404054522514343,"env_step":9.986048e+06,"critic_grad_norm":0.5163651704788208,"actor_loss":-0.007728761527687311,"entropy":0.7819612622261047,"token_entropy":1.7166987657546997,"approx_kl":0.00018940912559628487,"value_loss":0.06894741952419281,"comm_ctx_norm":1.8890156745910645,"_runtime":2036.851233684,"_wandb":{"runtime":2036},"_step":9986048,"silence_rate":0.046875}