{"num_episodes_completed":832,"return":7.918269634246826,"value_loss":2.7369794845581055,"total_loss":-1833.8526611328125,"_timestamp":1.7798947915915163e+09,"return_agent_1":7.918269634246826,"_wandb":{"runtime":95},"mean_reward_per_step":0.393798828125,"mean_reward_agent_1":0,"mean_reward_agent_0":0.78759765625,"_step":121,"mean_reward_agent_3":0.78759765625,"return_agent_0":7.918269634246826,"return_agent_2":7.918269634246826,"entropy":0.004453024826943874,"approx_kl":1.5733854752397747e-07,"actor_loss":-1836.5897216796875,"update_step":121,"env_step":991232,"episode_length":10,"_runtime":95,"mean_reward_agent_2":0,"return_agent_3":7.918269634246826}