{"_runtime":240.811606015,"actor_loss":-1.7491267499281093e-05,"clip_frac":0,"approx_kl":6.338972298181034e-07,"win_rate":0.79347825050354,"ratio_0":1.000001311302185,"total_loss":0.0026895056944340467,"entropy":0.4560149908065796,"_wandb":{"runtime":240},"_step":9986048,"returns":1.7692606449127197,"env_step":9.986048e+06,"value_loss":0.0027069970965385437,"ratio":1.0000046491622925,"_timestamp":1.7809206019894896e+09}