{"return_agent_5":-0.009615384973585606,"_runtime":125,"mean_reward_agent_6":0,"actor_loss":9.644379615783691,"grad_norm_critic":0.20658770203590393,"value_loss":0.7296644449234009,"state_mse":0.009398161433637142,"mean_reward_agent_2":0,"return_agent_2":-0.009615384973585606,"_timestamp":1.7798984339060903e+09,"_wandb":{"runtime":125},"num_episodes_completed":832,"_step":121,"mean_reward_agent_3":0,"return_agent_7":-0.009615384973585606,"update_step":121,"mean_reward_agent_5":0,"mean_reward_agent_1":0,"approx_kl":1.4470078895101324e-05,"episode_length":10,"mean_reward_agent_0":-0.001220703125,"entropy":1269.23828125,"env_step":991232,"mean_reward_agent_7":-0.001220703125,"mean_reward_agent_4":0,"return":-0.009615384973585606,"return_agent_3":-0.009615384973585606,"return_agent_0":-0.009615384973585606,"mean_reward_per_step":-0.00030517578125,"grad_norm_actor":374.69903564453125,"return_agent_4":-0.009615384973585606,"total_loss":-2.308943748474121,"return_agent_1":-0.009615384973585606,"return_agent_6":-0.009615384973585606}