{"entropy":0.8245618939399719,"total_loss":0.10620307177305222,"ratio":1.0000118017196655,"clip_frac":0,"approx_kl":2.78121956398536e-06,"env_step":9.986048e+06,"returns":-30.561355590820312,"value_loss":0.11450202018022537,"_wandb":{"runtime":268},"rollout/0pct":{"size":51326,"path":"media/videos/rollout/0pct_0_835073e409ecd9aa3ff5.gif","_type":"video-file","sha256":"835073e409ecd9aa3ff5d179708c6db2e7a5163d7a984857b5839560148787e0"},"_runtime":268.880381885,"_timestamp":1.7811065996607914e+09,"actor_loss":-0.00829896330833435,"ratio_0":1,"_step":9986048}