{"return":-0.0024038462433964014,"_step":121,"value_loss":0.5249359011650085,"total_loss":-39.17356491088867,"mean_reward_agent_2":0,"_wandb":{"runtime":114},"return_agent_8":-0.0024038462433964014,"mean_reward_agent_7":0,"_timestamp":1.7798930861187634e+09,"num_episodes_completed":832,"mean_reward_agent_6":0,"episode_length":10,"return_agent_2":-0.0024038462433964014,"update_step":121,"_runtime":114,"return_agent_1":-0.0024038462433964014,"mean_reward_per_step":-0.0006510416860692203,"mean_reward_agent_0":-0.0029296875,"return_agent_5":-0.0024038462433964014,"return_agent_3":-0.0024038462433964014,"return_agent_7":-0.0024038462433964014,"env_step":991232,"return_agent_0":-0.0024038462433964014,"mean_reward_agent_4":0,"return_agent_6":-0.0024038462433964014,"mean_reward_agent_8":-0.0029296875,"actor_loss":-26.263229370117188,"mean_reward_agent_5":0,"mean_reward_agent_3":0,"return_agent_4":-0.0024038462433964014,"approx_kl":0.0001434067526133731,"entropy":1343.52734375,"mean_reward_agent_1":0}