{"actor_loss":-1.2866260476585012e-05,"_wandb":{"runtime":241},"returns":1.999999761581421,"approx_kl":3.364409053574491e-07,"ratio_0":1.0000019073486328,"win_rate":1,"env_step":9.986048e+06,"entropy":0.3589399456977844,"_step":9986048,"clip_frac":0,"_timestamp":1.780921165987059e+09,"value_loss":4.4372587581165135e-05,"total_loss":3.150632619508542e-05,"_runtime":241.96407559,"ratio":0.9999984502792358}