{"value_loss":0.5491689443588257,"ratio":0.999996542930603,"actor_grad_norm":0.31138187646865845,"_wandb":{"runtime":514},"rollout/66pct":{"path":"media/videos/rollout/66pct_6586368_3d059b214ce6e7191477.gif","_type":"video-file","sha256":"3d059b214ce6e719147713672c568aa9f4879645e82586da0c8a1a46fb70aaeb","size":155327},"total_loss":0.5415971279144287,"rollout/33pct":{"_type":"video-file","sha256":"758f6c5694d6da7224b478d0f3b255effc0e6ab2c41377b90af687960798330a","size":155189,"path":"media/videos/rollout/33pct_3284992_758f6c5694d6da7224b4.gif"},"env_step":9.986048e+06,"approx_kl":1.0656597169145243e-06,"rollout/100pct":{"sha256":"f7a913d83f9dc29011178d02f6ce57e514953bca3a9634366fbf318f4e6cf2c3","size":160096,"path":"media/videos/rollout/100pct_9977856_f7a913d83f9dc2901117.gif","_type":"video-file"},"rollout/0pct":{"path":"media/videos/rollout/0pct_0_04e718b1fede9dc5cdaa.gif","_type":"video-file","sha256":"04e718b1fede9dc5cdaae51b9eab5f63e3ec31c6574af40ae27a6bc2811daa40","size":117340},"entropy":0.7542948722839355,"_runtime":514.084300715,"ratio_0":0.999997079372406,"critic_grad_norm":2.5037522315979004,"_step":9986048,"actor_loss":-0.007571767084300518,"comm_ctx_norm":1.0986994504928589,"msg_len":0.953125,"silence_rate":0.046875,"gumbel_tau":1,"token_entropy":0,"returns":-48.582733154296875,"expected_msg_len":1,"_timestamp":1.7815299725465884e+09,"clip_frac":0}