{"num_episodes_completed":89,"grad_norm_critic":0.07845839858055115,"env_step":9.986048e+06,"episode_length":91.5505599975586,"_wandb":{"runtime":65},"win_rate":0.2808988690376282,"return":1.1986098289489746,"update_step":1219,"value_loss":0.004000802990049124,"_timestamp":1.7804965430969079e+09,"approx_kl":8.651823009131476e-07,"grad_norm_actor":0.08977706730365753,"total_loss":0.003991973120719194,"_runtime":65.321996866,"actor_loss":-8.830102160573006e-06,"_step":1219,"entropy":0.1735786646604538,"mean_reward_per_step":0.013315319083631039}