{"mean_reward_agent_3":0,"return_agent_2":0.02884615585207939,"update_step":121,"_step":121,"return_agent_4":0.02884615585207939,"_runtime":137,"mean_reward_agent_2":0,"num_episodes_completed":832,"return":0.02884615585207939,"mean_reward_agent_6":0,"return_agent_0":0.02884615585207939,"actor_loss":-43.47058868408203,"grad_norm_critic":0.17467670142650604,"_timestamp":1.7798985764228156e+09,"mean_reward_agent_4":0,"return_agent_8":0.02884615585207939,"return_agent_3":0.02884615585207939,"entropy":1392.498046875,"_wandb":{"runtime":137},"total_loss":-56.90584945678711,"return_agent_6":0.02884615585207939,"grad_norm_actor":774.295654296875,"mean_reward_agent_8":0.000732421875,"state_mse":0.019202066585421562,"mean_reward_agent_1":0,"env_step":991232,"episode_length":10,"approx_kl":0.0004192928900010884,"mean_reward_agent_0":0.000732421875,"mean_reward_per_step":0.00016276042151730508,"return_agent_7":0.02884615585207939,"value_loss":0.4705149233341217,"return_agent_1":0.02884615585207939,"return_agent_5":0.02884615585207939,"mean_reward_agent_5":0,"mean_reward_agent_7":0}