{"_runtime":103,"return_agent_0":-0.026442307978868484,"_timestamp":1.7798928576225286e+09,"return_agent_1":-0.026442307978868484,"entropy":1387.48681640625,"total_loss":14.44255542755127,"_wandb":{"runtime":103},"return_agent_5":-0.026442307978868484,"return_agent_4":-0.026442307978868484,"approx_kl":0.0017552496865391731,"env_step":991232,"return_agent_2":-0.026442307978868484,"mean_reward_agent_3":0,"mean_reward_agent_2":0,"_step":121,"mean_reward_per_step":-0.00020926340948790312,"return_agent_6":-0.026442307978868484,"mean_reward_agent_4":0,"mean_reward_agent_1":0,"value_loss":0.6126365065574646,"mean_reward_agent_0":-0.000732421875,"actor_loss":27.704788208007812,"mean_reward_agent_6":-0.000732421875,"return":-0.026442307978868484,"update_step":121,"mean_reward_agent_5":0,"episode_length":10,"num_episodes_completed":832,"return_agent_3":-0.026442307978868484}