{"ratio_0":1.0000004768371582,"ratio":1.0000169277191162,"_wandb":{"runtime":366},"_step":9986048,"_timestamp":1.781111596584539e+09,"value_loss":0.33846530318260193,"_runtime":366.233919449,"clip_frac":0,"returns":-38.67070770263672,"actor_loss":-0.00684727868065238,"approx_kl":3.044839559152024e-06,"entropy":0.6787248849868774,"total_loss":0.3316180408000946,"env_step":9.986048e+06}