{"approx_kl":3.9195779208967e-06,"returns":-24.84552764892578,"ratio_0":1,"_runtime":359.476756128,"actor_loss":-0.006734371185302734,"_step":9986048,"clip_frac":0,"ratio":1.0000120401382446,"_timestamp":1.7811123923472428e+09,"_wandb":{"runtime":359},"entropy":0.6667861938476562,"env_step":9.986048e+06,"total_loss":0.04613523185253143,"value_loss":0.05286959931254387}