{"grad_norm_actor":353.55181884765625,"return_agent_3":0.014423077926039696,"return_agent_5":0.014423077926039696,"env_step":991232,"mean_reward_agent_2":0,"mean_reward_agent_3":0,"return_agent_4":0.014423077926039696,"value_loss":0.8517048954963684,"_runtime":107,"return_agent_1":0.014423077926039696,"episode_length":10,"actor_loss":38.082881927490234,"mean_reward_agent_6":-0.005615234375,"grad_norm_critic":0.3749355673789978,"mean_reward_agent_5":0,"mean_reward_agent_0":-0.005615234375,"_step":121,"_timestamp":1.779895117510868e+09,"approx_kl":0.00010004824434872717,"update_step":121,"return_agent_2":0.014423077926039696,"_wandb":{"runtime":107},"return":0.014423077926039696,"entropy":1267.881103515625,"total_loss":26.255775451660156,"mean_reward_agent_1":0,"num_episodes_completed":832,"return_agent_0":0.014423077926039696,"return_agent_6":0.014423077926039696,"mean_reward_agent_4":0,"mean_reward_per_step":-0.0016043527284637094}