{"actor_loss":49.00099182128906,"mean_reward_agent_3":0,"return_agent_6":-0.007211538963019848,"update_step":121,"grad_norm_critic":0.17234402894973755,"_runtime":118,"mean_reward_agent_5":0,"_wandb":{"runtime":118},"episode_length":10,"mean_reward_agent_6":0,"state_mse":0.042137641459703445,"mean_reward_agent_4":0,"_step":121,"env_step":991232,"total_loss":35.48762512207031,"return_agent_0":-0.007211538963019848,"return_agent_3":-0.007211538963019848,"num_episodes_completed":832,"entropy":1406.6947021484375,"mean_reward_agent_1":0,"return_agent_4":-0.007211538963019848,"mean_reward_per_step":-0.0008544921875,"return_agent_7":-0.007211538963019848,"approx_kl":0.0015537363942712545,"return_agent_2":-0.007211538963019848,"mean_reward_agent_2":0,"value_loss":0.5114480257034302,"return_agent_5":-0.007211538963019848,"return":-0.007211538963019848,"return_agent_1":-0.007211538963019848,"mean_reward_agent_7":-0.00341796875,"mean_reward_agent_0":-0.00341796875,"_timestamp":1.779904860890815e+09,"grad_norm_actor":463.0698547363281}