{"grad_norm_critic":0.2850423753261566,"return_agent_3":-0.10336539149284363,"mean_reward_agent_1":0,"actor_loss":69.97022247314453,"entropy":1388.301513671875,"return_agent_5":-0.10336539149284363,"mean_reward_agent_4":0,"value_loss":0.7854331731796265,"episode_length":10,"_wandb":{"runtime":109},"total_loss":56.88814163208008,"grad_norm_actor":564.1478271484375,"mean_reward_agent_2":0,"return_agent_2":-0.10336539149284363,"mean_reward_agent_0":-0.009521484375,"return_agent_0":-0.10336539149284363,"approx_kl":0.0006620080093853176,"return":-0.10336539149284363,"env_step":991232,"state_mse":0.01549390610307455,"mean_reward_agent_5":-0.009521484375,"mean_reward_agent_3":0,"update_step":121,"_runtime":109,"_timestamp":1.7799046181262174e+09,"num_episodes_completed":832,"mean_reward_per_step":-0.003173828125,"return_agent_4":-0.10336539149284363,"return_agent_1":-0.10336539149284363,"_step":121}