{"grad_norm_critic":0.21822670102119446,"_wandb":{"runtime":125},"mean_reward_agent_6":0,"value_loss":1.222973346710205,"return_agent_4":-0.4062500298023224,"env_step":991232,"_step":121,"_runtime":125,"state_mse":0.020858492702245712,"mean_reward_agent_0":-0.035888671875,"return_agent_7":-0.4062500298023224,"total_loss":177.17340087890625,"_timestamp":1.7798984339070942e+09,"mean_reward_agent_5":0,"update_step":121,"grad_norm_actor":574.3696899414062,"mean_reward_per_step":-0.00897216796875,"num_episodes_completed":832,"return":-0.4062500298023224,"actor_loss":186.50906372070312,"approx_kl":0.0028936550952494144,"return_agent_0":-0.4062500298023224,"mean_reward_agent_3":0,"return_agent_1":-0.4062500298023224,"mean_reward_agent_1":0,"return_agent_2":-0.4062500298023224,"return_agent_5":-0.4062500298023224,"mean_reward_agent_7":-0.035888671875,"episode_length":10,"return_agent_3":-0.4062500298023224,"return_agent_6":-0.4062500298023224,"mean_reward_agent_2":0,"entropy":1057.94873046875,"mean_reward_agent_4":0}