{"num_episodes_completed":832,"state_mse":0.0033782199025154114,"_step":121,"grad_norm_actor":59.86726760864258,"mean_reward_per_step":0.99951171875,"_wandb":{"runtime":87},"actor_loss":-1.6986651420593262,"approx_kl":0.08256993442773819,"total_loss":-1.719151496887207,"mean_reward_agent_0":0.99951171875,"grad_norm_critic":0.128758043050766,"env_step":991232,"value_loss":0.0015310208545997739,"return_agent_0":9.995192527770996,"return":9.995192527770996,"mean_reward_agent_1":0.99951171875,"episode_length":10,"_runtime":87,"return_agent_1":9.995192527770996,"entropy":2.539557456970215,"update_step":121,"_timestamp":1.779904196037298e+09}