{"mean_reward_agent_4":0.701171875,"_wandb":{"runtime":113},"return_agent_1":7.091346263885498,"total_loss":-2255.033447265625,"return_agent_4":7.091346263885498,"num_episodes_completed":832,"state_mse":0.0018525214400142431,"env_step":991232,"_step":121,"approx_kl":9.834135198616423e-06,"grad_norm_critic":0.01952069066464901,"update_step":121,"_timestamp":1.7798980508914177e+09,"mean_reward_per_step":0.28046876192092896,"entropy":0.003804548643529415,"actor_loss":-2257.34033203125,"mean_reward_agent_1":0,"return_agent_0":7.091346263885498,"_runtime":113,"grad_norm_actor":0.008269136771559715,"value_loss":2.305222511291504,"mean_reward_agent_3":0,"mean_reward_agent_2":0,"return":7.091346263885498,"return_agent_2":7.091346263885498,"mean_reward_agent_0":0.701171875,"episode_length":10,"return_agent_3":7.091346263885498}