{"critic_grad_norm":2.726287841796875,"returns":-61.975067138671875,"clip_frac":0,"_wandb":{"runtime":513},"ratio_0":0.999996542930603,"actor_grad_norm":0.19151124358177185,"value_loss":0.6810801029205322,"token_entropy":0,"_step":9986048,"actor_loss":-0.009569436311721802,"env_step":9.986048e+06,"total_loss":0.6715107560157776,"_timestamp":1.7815294078961146e+09,"ratio":0.9999990463256836,"expected_msg_len":1,"comm_ctx_norm":1.8948843479156494,"gumbel_tau":1,"approx_kl":3.7990585610714334e-07,"msg_len":0.953125,"silence_rate":0.046875,"entropy":0.9558704495429993,"_runtime":513.102710241}