{"clip_frac":0.0007731119985692203,"_runtime":2037.071146626,"comm_ctx_norm":2.1341359615325928,"returns":-29.596179962158203,"value_loss":0.09787657856941223,"entropy":0.827072262763977,"token_entropy":0.34460341930389404,"total_loss":0.0896167978644371,"actor_loss":-0.008259781636297703,"critic_grad_norm":0.5651499629020691,"_step":9986048,"ratio_0":1.000025987625122,"_wandb":{"runtime":2037},"expected_msg_len":9.996739387512207,"silence_rate":0.046875,"msg_len":9.527181625366211,"env_step":9.986048e+06,"_timestamp":1.7815213373581712e+09,"actor_grad_norm":0.6505632996559143,"gumbel_tau":1,"approx_kl":7.313663081731647e-05,"ratio":0.9999608397483826}