{"value_loss":0.6129880547523499,"expected_msg_len":1.0000001192092896,"actor_grad_norm":0.21306508779525757,"clip_frac":0,"msg_len":0,"approx_kl":2.560656469086098e-07,"_wandb":{"runtime":1850},"env_step":9.986048e+06,"entropy":0.9682866930961609,"total_loss":0.6132931113243103,"token_entropy":0,"ratio":1.0000016689300537,"gumbel_tau":1,"returns":-62.857688903808594,"ratio_0":0.9999834895133972,"silence_rate":1,"_timestamp":1.7814662610293972e+09,"_runtime":1850.98405881,"comm_ctx_norm":0,"actor_loss":0.0003050572704523802,"_step":9986048,"critic_grad_norm":2.552555799484253}