{"ratio":0.9999991059303284,"win_rate":0.4350132644176483,"returns":1.335477352142334,"total_loss":0.020998746156692505,"_wandb":{"runtime":271},"_step":9986048,"clip_frac":0,"env_step":9.986048e+06,"_runtime":271.979563051,"actor_loss":-4.008237738162279e-06,"entropy":0.22447778284549713,"approx_kl":1.2650599501284887e-07,"ratio_0":1,"value_loss":0.0210027527064085,"_timestamp":1.7809341770860639e+09}