{"return_agent_1":-0.4134615659713745,"return_agent_8":-0.4134615659713745,"return_agent_0":-0.4134615659713745,"return_agent_7":-0.4134615659713745,"approx_kl":0.0010461253114044666,"actor_loss":140.43255615234375,"mean_reward_agent_3":0,"value_loss":1.1145614385604858,"return_agent_6":-0.4134615659713745,"mean_reward_agent_1":0,"mean_reward_agent_0":-0.0341796875,"_wandb":{"runtime":131},"grad_norm_critic":0.1546960175037384,"_runtime":131,"_step":121,"mean_reward_agent_7":0,"return_agent_5":-0.4134615659713745,"grad_norm_actor":347.4480895996094,"return":-0.4134615659713745,"return_agent_4":-0.4134615659713745,"mean_reward_agent_5":0,"mean_reward_per_step":-0.007595486007630825,"env_step":991232,"total_loss":131.5437774658203,"return_agent_3":-0.4134615659713745,"mean_reward_agent_6":0,"state_mse":0.00814058817923069,"_timestamp":1.7799049968856812e+09,"mean_reward_agent_2":0,"episode_length":10,"update_step":121,"num_episodes_completed":832,"mean_reward_agent_8":-0.0341796875,"entropy":1001.1461181640625,"mean_reward_agent_4":0,"return_agent_2":-0.4134615659713745}