{"_wandb":{"runtime":191},"_runtime":191.088197176,"win_rate":0.9897959232330322,"returns":1.989074468612671,"total_loss":0.00016910972772166133,"actor_loss":-3.834604285657406e-06,"_timestamp":1.780914610858741e+09,"entropy":0.36554309725761414,"ratio":1.0000032186508179,"value_loss":0.00017294433200731874,"_step":9986048,"env_step":9.986048e+06,"ratio_0":1,"approx_kl":1.9162180819876085e-07,"clip_frac":0}