{"msg_len":9.473847389221191,"ratio":0.9999818801879883,"token_entropy":1.8574515581130981,"approx_kl":0.0006869015051051974,"_wandb":{"runtime":1850},"env_step":9.986048e+06,"_timestamp":1.7814742662257993e+09,"_runtime":1850.2818075,"clip_frac":0.006490072701126337,"gumbel_tau":1,"actor_grad_norm":0.31820541620254517,"value_loss":0.41184285283088684,"silence_rate":0.0484619140625,"comm_ctx_norm":3.331329107284546,"entropy":0.8800408244132996,"critic_grad_norm":2.2004125118255615,"_step":9986048,"ratio_0":0.9999929666519165,"returns":-51.24406051635742,"actor_loss":-0.008443514816462994,"total_loss":0.4033992886543274,"expected_msg_len":9.95337200164795}