{"_step":121,"return":7.072115421295166,"return_agent_2":7.072115421295166,"mean_reward_agent_0":0.701904296875,"entropy":0.0038774001877754927,"episode_length":10,"_timestamp":1.7798980508904517e+09,"approx_kl":7.1161512096296065e-06,"update_step":121,"grad_norm_actor":0.008145688101649284,"total_loss":-2195.36474609375,"mean_reward_agent_4":0.701904296875,"return_agent_1":7.072115421295166,"_wandb":{"runtime":113},"actor_loss":-2197.78759765625,"value_loss":2.4211411476135254,"_runtime":113,"state_mse":0.0018378267996013165,"return_agent_3":7.072115421295166,"grad_norm_critic":0.11092863976955414,"mean_reward_agent_3":0,"return_agent_0":7.072115421295166,"mean_reward_per_step":0.28076171875,"mean_reward_agent_2":0,"num_episodes_completed":832,"return_agent_4":7.072115421295166,"env_step":991232,"mean_reward_agent_1":0}