{"_step":9986048,"clip_frac":0.0012613933067768812,"token_entropy":1.5544848442077637,"ratio":0.9999958276748657,"entropy":0.8005629181861877,"silence_rate":0.046875,"actor_loss":-0.007999509572982788,"comm_ctx_norm":2.719001054763794,"_timestamp":1.7814874890741262e+09,"value_loss":0.41538703441619873,"actor_grad_norm":0.2962181568145752,"total_loss":0.40738752484321594,"msg_len":6.3765869140625,"expected_msg_len":7.1693806648254395,"env_step":9.986048e+06,"returns":-42.442848205566406,"approx_kl":0.00012248400889802724,"critic_grad_norm":2.1292483806610107,"_runtime":5565.191699173,"gumbel_tau":1,"ratio_0":1.0000991821289062,"_wandb":{"runtime":5565}}