{"entropy":0.714408278465271,"actor_loss":0.0028402023017406464,"gumbel_tau":1,"_wandb":{"runtime":1852},"_runtime":1852.434363945,"_step":9986048,"env_step":9.986048e+06,"token_entropy":0,"ratio":1.0000030994415283,"ratio_0":1.0000004768371582,"silence_rate":1,"expected_msg_len":1.0000001192092896,"clip_frac":0,"critic_grad_norm":2.5365214347839355,"_timestamp":1.7814682522593987e+09,"msg_len":0,"total_loss":0.5337603688240051,"value_loss":0.530920147895813,"approx_kl":7.142330105125438e-07,"comm_ctx_norm":0,"returns":-48.923004150390625,"actor_grad_norm":0.3117949366569519}