{"ratio_0":1,"ratio":0.9999989867210388,"_runtime":272.491490142,"entropy":0.7961823344230652,"returns":-28.830368041992188,"env_step":9.986048e+06,"clip_frac":0,"total_loss":0.09438427537679672,"_step":9986048,"_timestamp":1.7811105689206033e+09,"actor_loss":-0.007983596064150333,"value_loss":0.10236787050962448,"approx_kl":1.0569555115580442e-06,"_wandb":{"runtime":272}}