{"value_loss":0.4926626980304718,"clip_frac":0,"approx_kl":2.463705470745481e-07,"entropy":0.6708204746246338,"env_step":9.986048e+06,"_timestamp":1.7811099607153904e+09,"total_loss":0.4859459102153778,"_wandb":{"runtime":278},"ratio":1,"_runtime":278.852258192,"_step":9986048,"returns":-48.30467224121094,"ratio_0":1,"actor_loss":-0.006716769188642502}