{"actor_grad_norm":0.36586740612983704,"expected_msg_len":2.287128448486328,"entropy":0.7987237572669983,"token_entropy":1.6187137365341187,"msg_len":1.2661131620407104,"env_step":9.986048e+06,"_timestamp":1.781487384709601e+09,"_step":9986048,"returns":-42.803218841552734,"gumbel_tau":0.5,"approx_kl":3.0447343306150287e-05,"critic_grad_norm":1.9239662885665894,"_wandb":{"runtime":5480},"clip_frac":0.00019327799964230508,"ratio_0":1.000001311302185,"comm_ctx_norm":2.738980293273926,"silence_rate":0.046875,"value_loss":0.45647352933883667,"actor_loss":-0.0079616978764534,"ratio":1.0000278949737549,"_runtime":5480.382162568,"total_loss":0.4485118091106415}