{"episode_length":10,"update_step":121,"_wandb":{"runtime":121},"return_agent_1":0.07932692766189575,"entropy":1339.3720703125,"return_agent_5":0.07932692766189575,"mean_reward_agent_2":0,"num_episodes_completed":832,"mean_reward_agent_3":0,"value_loss":0.6606734991073608,"return":0.07932692766189575,"approx_kl":0.0019421529723331332,"total_loss":-91.75566101074219,"_step":121,"_runtime":121,"_timestamp":1.7799032559651003e+09,"mean_reward_agent_6":0.01171875,"grad_norm_actor":338.22479248046875,"return_agent_3":0.07932692766189575,"grad_norm_critic":0.20251138508319855,"mean_reward_agent_5":0,"return_agent_4":0.07932692766189575,"env_step":991232,"return_agent_2":0.07932692766189575,"mean_reward_agent_0":0.01171875,"mean_reward_agent_1":0,"mean_reward_agent_4":0,"actor_loss":-79.0513916015625,"return_agent_6":0.07932692766189575,"mean_reward_per_step":0.00334821455180645,"state_mse":0.028780188411474228,"return_agent_0":0.07932692766189575}