{"ratio":1,"approx_kl":6.793402462790255e-08,"_step":9986048,"_wandb":{"runtime":218},"value_loss":5.615304326056503e-05,"entropy":0.14866945147514343,"win_rate":0.9999999403953552,"env_step":9.986048e+06,"ratio_0":1,"_timestamp":1.7809125749016125e+09,"clip_frac":0,"total_loss":5.3330713853938505e-05,"_runtime":218.772198363,"actor_loss":-2.8223266781424172e-06,"returns":1.9999998807907104}