{"env_step":9.986048e+06,"_runtime":344.164585562,"ratio":0.9999961853027344,"clip_frac":0,"actor_loss":-4.6282075345516205e-06,"_wandb":{"runtime":344},"ratio_0":0.9999968409538269,"approx_kl":2.5529271852064994e-07,"_timestamp":1.7809387125388803e+09,"win_rate":0.8593073487281799,"total_loss":0.011704753153026104,"value_loss":0.011709380894899368,"entropy":0.29726630449295044,"_step":9986048,"returns":1.8392314910888672}