{"mean_reward_agent_6":0.01318359375,"value_loss":0.5811673402786255,"return_agent_2":0.08894231170415878,"return":0.08894231170415878,"mean_reward_agent_1":0,"return_agent_0":0.08894231170415878,"return_agent_1":0.08894231170415878,"_timestamp":1.7799032559640045e+09,"mean_reward_agent_3":0,"mean_reward_agent_5":0,"num_episodes_completed":832,"_step":121,"entropy":1405.1517333984375,"state_mse":0.08049039542675018,"env_step":991232,"grad_norm_actor":548.8238525390625,"return_agent_6":0.08894231170415878,"mean_reward_agent_4":0,"_wandb":{"runtime":121},"mean_reward_per_step":0.0037667411379516125,"return_agent_3":0.08894231170415878,"mean_reward_agent_2":0,"approx_kl":0.0032398290932178497,"return_agent_5":0.08894231170415878,"total_loss":-146.52005004882812,"mean_reward_agent_0":0.01318359375,"actor_loss":-133.1301727294922,"episode_length":10,"grad_norm_critic":0.29958420991897583,"update_step":121,"_runtime":121,"return_agent_4":0.08894231170415878}