{"_wandb":{"runtime":242},"total_loss":0.0009816739475354552,"_runtime":242.994659371,"approx_kl":3.8575745975322207e-07,"ratio_0":0.9999984502792358,"win_rate":0.9439252018928528,"ratio":0.9999997019767761,"value_loss":0.000991363194771111,"_timestamp":1.78078101569816e+09,"_step":9986048,"actor_loss":-9.689325452200137e-06,"returns":1.9361741542816162,"env_step":9.986048e+06,"clip_frac":0,"entropy":0.3083076477050781}