{"episode_length":10,"mean_reward_agent_1":0,"mean_reward_agent_7":0,"return_agent_7":0.036057692021131516,"actor_loss":-51.052371978759766,"update_step":121,"return_agent_0":0.036057692021131516,"value_loss":0.4907433092594147,"mean_reward_agent_9":0.00439453125,"mean_reward_agent_6":0,"_runtime":114,"mean_reward_agent_3":0,"num_episodes_completed":832,"mean_reward_agent_8":0,"_timestamp":1.7798932055355096e+09,"approx_kl":0.00010620206012390554,"return_agent_2":0.036057692021131516,"total_loss":-64.026123046875,"_wandb":{"runtime":114},"return_agent_9":0.036057692021131516,"return_agent_4":0.036057692021131516,"return_agent_5":0.036057692021131516,"mean_reward_agent_4":0,"return_agent_8":0.036057692021131516,"env_step":991232,"mean_reward_agent_0":0.00439453125,"mean_reward_per_step":0.0008789062849245965,"return_agent_6":0.036057692021131516,"mean_reward_agent_2":0,"_step":121,"return":0.036057692021131516,"entropy":1346.4503173828125,"mean_reward_agent_5":0,"return_agent_3":0.036057692021131516,"return_agent_1":0.036057692021131516}