{"mean_reward_agent_1":0,"mean_reward_agent_0":0.57958984375,"return_agent_2":5.887019634246826,"return_agent_1":5.887019634246826,"_step":121,"mean_reward_agent_4":0,"mean_reward_per_step":0.1931966245174408,"value_loss":1.8165271282196045,"entropy":0.006979234982281923,"return_agent_4":5.887019634246826,"_runtime":114,"episode_length":10,"grad_norm_critic":0.024880293756723404,"return_agent_5":5.887019634246826,"state_mse":0.0019760234281420708,"update_step":121,"return":5.887019634246826,"grad_norm_actor":0.008602659218013287,"mean_reward_agent_3":0,"env_step":991232,"actor_loss":-2521.743408203125,"mean_reward_agent_2":0,"mean_reward_agent_5":0.57958984375,"total_loss":-2519.9248046875,"approx_kl":0.00016423479246441275,"_timestamp":1.7799031302261965e+09,"return_agent_0":5.887019634246826,"num_episodes_completed":832,"return_agent_3":5.887019634246826,"_wandb":{"runtime":114}}