{"mean_reward_agent_1":0,"approx_kl":2.249141107313335e-05,"grad_norm_critic":0.13333436846733093,"mean_reward_agent_7":0,"update_step":121,"mean_reward_agent_2":0,"_timestamp":1.7799049968864598e+09,"return":-0.10336539149284363,"return_agent_3":-0.10336539149284363,"_wandb":{"runtime":131},"actor_loss":63.03546905517578,"_step":121,"grad_norm_actor":463.10809326171875,"mean_reward_agent_5":0,"mean_reward_per_step":-0.0036892362404614687,"mean_reward_agent_0":-0.0166015625,"return_agent_0":-0.10336539149284363,"return_agent_6":-0.10336539149284363,"total_loss":50.29954147338867,"episode_length":10,"env_step":991232,"return_agent_5":-0.10336539149284363,"value_loss":0.5795954465866089,"return_agent_1":-0.10336539149284363,"return_agent_2":-0.10336539149284363,"return_agent_7":-0.10336539149284363,"mean_reward_agent_4":0,"_runtime":131,"num_episodes_completed":832,"state_mse":0.011456387117505074,"mean_reward_agent_8":-0.0166015625,"return_agent_4":-0.10336539149284363,"mean_reward_agent_3":0,"mean_reward_agent_6":0,"entropy":1332.6990966796875,"return_agent_8":-0.10336539149284363}