{"clip_frac":0,"_runtime":343.649804798,"returns":1.7878941297531128,"_timestamp":1.7809379329902854e+09,"_step":9986048,"value_loss":0.014299718663096428,"approx_kl":1.9778096316258598e-07,"entropy":0.39189696311950684,"env_step":9.986048e+06,"win_rate":0.8108108043670654,"total_loss":0.0142938531935215,"ratio":1.0000015497207642,"ratio_0":1.0000028610229492,"actor_loss":-5.8648292906582355e-06,"_wandb":{"runtime":343}}