{"_wandb":{"runtime":336},"actor_loss":-1.1527445167303085e-05,"ratio_0":1.0000011920928955,"_timestamp":1.7810838727118871e+09,"approx_kl":2.7061233254244144e-07,"win_rate":0.8020049929618835,"returns":1.7767544984817505,"_runtime":336.082566207,"ratio":0.9999998807907104,"_step":9986048,"entropy":0.40172284841537476,"env_step":9.986048e+06,"total_loss":0.01557125337421894,"clip_frac":0,"value_loss":0.015582781285047531}