{"_runtime":241.395172706,"total_loss":0.00036173523403704166,"env_step":9.986048e+06,"returns":1.9884026050567627,"clip_frac":0,"_wandb":{"runtime":241},"_step":9986048,"win_rate":0.9895833730697632,"ratio":0.999995231628418,"approx_kl":4.433302365214331e-07,"ratio_0":1.0000009536743164,"actor_loss":-1.5219751730910502e-05,"value_loss":0.00037695502396672964,"_timestamp":1.780780734715452e+09,"entropy":0.492019921541214}