{"_timestamp":1.7811046909369276e+09,"grad_norm_critic":0.3555435538291931,"num_episodes_completed":384,"update_step":1219,"actor_loss":-0.004821144510060549,"_runtime":271.569533261,"episode_length":26,"total_loss":0.09912630170583725,"return":-25.587135314941406,"approx_kl":0.008627445437014103,"entropy":0.6981799602508545,"mean_reward_per_step":-0.31246498227119446,"_step":1219,"value_loss":0.11092923581600189,"env_step":9986048,"_wandb":{"runtime":271},"grad_norm_actor":0.46347928047180176}