{"update_step":121,"return_agent_3":6.87740421295166,"mean_reward_agent_3":0,"_wandb":{"runtime":110},"_timestamp":1.7799030116708837e+09,"total_loss":-2191.35791015625,"grad_norm_actor":0.008393744938075542,"state_mse":0.001822414225898683,"actor_loss":-2193.741455078125,"_step":121,"mean_reward_agent_2":0,"mean_reward_agent_1":0,"mean_reward_agent_4":0.681396484375,"grad_norm_critic":0.19684556126594543,"_runtime":110,"return":6.87740421295166,"episode_length":10,"approx_kl":1.596861875441391e-05,"mean_reward_agent_0":0.681396484375,"env_step":991232,"return_agent_2":6.87740421295166,"num_episodes_completed":832,"return_agent_0":6.87740421295166,"entropy":0.00451832078397274,"return_agent_4":6.87740421295166,"return_agent_1":6.87740421295166,"value_loss":2.3818047046661377,"mean_reward_per_step":0.2725585997104645}