{"mean_reward_agent_1":0,"return_agent_1":0.03125,"return_agent_6":0.03125,"return_agent_0":0.03125,"mean_reward_agent_3":0,"mean_reward_agent_5":0,"entropy":1325.292724609375,"mean_reward_agent_2":0,"_wandb":{"runtime":107},"_step":121,"total_loss":-48.59981918334961,"grad_norm_actor":258.44818115234375,"approx_kl":0.0013348414795473218,"mean_reward_agent_4":0,"mean_reward_per_step":0.0008370536379516125,"actor_loss":-36.0270881652832,"return_agent_2":0.03125,"num_episodes_completed":832,"_runtime":107,"_timestamp":1.7798951175124996e+09,"return_agent_3":0.03125,"value_loss":0.6801987290382385,"episode_length":10,"mean_reward_agent_6":0.0029296875,"env_step":991232,"return":0.03125,"return_agent_5":0.03125,"update_step":121,"mean_reward_agent_0":0.0029296875,"grad_norm_critic":0.2190520018339157,"return_agent_4":0.03125}