{"value_loss":0.5984048843383789,"episode_length":10,"env_step":991232,"mean_reward_agent_5":0,"grad_norm_critic":0.22763511538505554,"mean_reward_agent_8":0.001708984375,"entropy":1303.3414306640625,"return_agent_8":0.009615384973585606,"_wandb":{"runtime":131},"update_step":121,"grad_norm_actor":507.3296203613281,"mean_reward_agent_7":0,"mean_reward_agent_4":0,"_timestamp":1.7799049968847804e+09,"approx_kl":0.0003799692785833031,"mean_reward_agent_1":0,"mean_reward_agent_3":0,"mean_reward_agent_0":0.001708984375,"state_mse":0.025694560259580612,"return_agent_1":0.009615384973585606,"return":0.009615384973585606,"mean_reward_agent_6":0,"return_agent_5":0.009615384973585606,"return_agent_3":0.009615384973585606,"return_agent_7":0.009615384973585606,"total_loss":-79.3250961303711,"num_episodes_completed":832,"return_agent_0":0.009615384973585606,"mean_reward_per_step":0.00037977431202307343,"return_agent_2":0.009615384973585606,"return_agent_4":0.009615384973585606,"actor_loss":-66.9157943725586,"_runtime":131,"return_agent_6":0.009615384973585606,"mean_reward_agent_2":0,"_step":121}