{"return_agent_2":7.983173370361328,"_step":121,"grad_norm_actor":0.008707667700946331,"_timestamp":1.7798979324287078e+09,"return_agent_3":7.983173370361328,"return_agent_0":7.983173370361328,"_wandb":{"runtime":103},"mean_reward_agent_0":0.79541015625,"_runtime":103,"num_episodes_completed":832,"entropy":0.004813281819224358,"return":7.983173370361328,"mean_reward_per_step":0.397705078125,"state_mse":0.0016376263229176402,"return_agent_1":7.983173370361328,"total_loss":-1857.8798828125,"value_loss":2.6861772537231445,"mean_reward_agent_1":0,"env_step":991232,"actor_loss":-1860.5677490234375,"mean_reward_agent_3":0.79541015625,"update_step":121,"grad_norm_critic":0.05093621462583542,"mean_reward_agent_2":0,"episode_length":10,"approx_kl":1.2617564607353415e-05}