{"return":-77.85206604003906,"approx_kl":0.017777392640709877,"update_step":1219,"_step":1219,"total_loss":0.8141077160835266,"_wandb":{"runtime":273},"_timestamp":1.7811021461234171e+09,"grad_norm_critic":4.565455436706543,"env_step":9986048,"entropy":1.1005542278289795,"episode_length":26,"value_loss":0.8271186947822571,"grad_norm_actor":0.05295838415622711,"actor_loss":-0.0020054674241691828,"_runtime":273.549384363,"mean_reward_per_step":-0.9988329410552979,"num_episodes_completed":384}