{"win_rate":0,"clip_frac":0.040283203125,"total_loss":0.3003838062286377,"_step":4096,"actor_loss":-6.590275734197348e-05,"entropy":1.1223351955413818,"approx_kl":0.000295643403660506,"_wandb":{"runtime":0},"ratio":1.0001858472824097,"value_loss":0.3004496991634369,"_runtime":0.052788736,"ratio_0":1,"_timestamp":1.7804988843019142e+09,"env_step":4096,"returns":0.20076577365398407}