{"actor_loss":-2.7634418074740097e-05,"env_step":9.986048e+06,"returns":0.9550803303718567,"ratio":1.0000109672546387,"_runtime":195.933452727,"_wandb":{"runtime":195},"_timestamp":1.7809139428251464e+09,"approx_kl":1.8623803725859034e-06,"value_loss":0.0061800312250852585,"ratio_0":1,"clip_frac":0,"entropy":0.19520890712738037,"total_loss":0.006152396555989981,"win_rate":0.23275862634181976,"_step":9986048}