{"actor_loss":-0.006280811037868261,"episode_length":26,"_wandb":{"runtime":325},"total_loss":1.3852838277816772,"_timestamp":1.7811027422672367e+09,"_runtime":325.144464483,"env_step":3375104,"update_step":412,"grad_norm_critic":1.8385995626449585,"return":-80.44454956054688,"_step":412,"entropy":1.270861268043518,"value_loss":1.4042733907699585,"grad_norm_actor":0.10214611142873764,"num_episodes_completed":256,"mean_reward_per_step":-1.032377004623413,"approx_kl":0.024319177493453026}