{"ratio":0.9996869564056396,"silence_rate":0.9998778700828552,"returns":-59.11083221435547,"_wandb":{"runtime":50},"value_loss":0.644222617149353,"_step":262144,"approx_kl":0.003854992799460888,"gumbel_tau":1,"total_loss":0.6372584700584412,"_runtime":50.227113874,"_timestamp":1.7814638599663353e+09,"comm_ctx_norm":0.0032173909712582827,"actor_loss":-0.006964209023863077,"entropy":1.3624584674835205,"actor_grad_norm":0.1557614803314209,"token_entropy":0.15530666708946228,"ratio_0":0.9999871253967285,"critic_grad_norm":3.137364625930786,"env_step":262144,"clip_frac":0.039703369140625,"expected_msg_len":1.0002561807632446,"msg_len":0.00012207030522404239}