{"_step":9986048,"comm_ctx_norm":2.851097583770752,"_timestamp":1.7814873847153323e+09,"gumbel_tau":0.5,"env_step":9.986048e+06,"approx_kl":5.1541152060963213e-05,"returns":-43.88379669189453,"ratio_0":1.0000014305114746,"msg_len":1.048095703125,"silence_rate":0.046875,"entropy":0.777488648891449,"ratio":1.0000048875808716,"clip_frac":0.00026448568678461015,"actor_loss":-0.007792261429131031,"expected_msg_len":2.0885870456695557,"critic_grad_norm":1.8713892698287964,"_runtime":5480.584548334,"actor_grad_norm":0.3957081735134125,"total_loss":0.46696582436561584,"_wandb":{"runtime":5480},"token_entropy":1.6157723665237427,"value_loss":0.4747580289840698}