{"mean_reward_agent_0":-0.006103515625,"grad_norm_actor":284.47900390625,"grad_norm_critic":0.22670890390872955,"total_loss":5.200438976287842,"return_agent_5":0.014423077926039696,"return_agent_3":0.014423077926039696,"_timestamp":1.7799033899450667e+09,"_runtime":129,"mean_reward_per_step":-0.00152587890625,"_step":121,"mean_reward_agent_6":0,"update_step":121,"mean_reward_agent_4":0,"num_episodes_completed":832,"mean_reward_agent_5":0,"state_mse":0.024838732555508614,"mean_reward_agent_7":-0.006103515625,"return_agent_4":0.014423077926039696,"mean_reward_agent_1":0,"env_step":991232,"entropy":1132.735107421875,"mean_reward_agent_3":0,"_wandb":{"runtime":129},"return_agent_6":0.014423077926039696,"return_agent_0":0.014423077926039696,"episode_length":10,"value_loss":1.1445986032485962,"mean_reward_agent_2":0,"return":0.014423077926039696,"return_agent_2":0.014423077926039696,"approx_kl":0.00043591985013335943,"actor_loss":15.358356475830078,"return_agent_1":0.014423077926039696,"return_agent_7":0.014423077926039696}