{"approx_kl":0.00023957170196808875,"return":-0.08653846383094788,"mean_reward_agent_5":-0.008056640625,"return_agent_3":-0.08653846383094788,"return_agent_4":-0.08653846383094788,"env_step":991232,"mean_reward_agent_2":0,"return_agent_0":-0.08653846383094788,"actor_loss":63.89458084106445,"mean_reward_agent_0":-0.008056640625,"mean_reward_agent_4":0,"episode_length":10,"num_episodes_completed":832,"return_agent_2":-0.08653846383094788,"grad_norm_actor":463.78466796875,"mean_reward_agent_3":0,"value_loss":0.9212051630020142,"_step":121,"_runtime":103,"mean_reward_per_step":-0.002685546875,"_timestamp":1.7798950058362024e+09,"update_step":121,"return_agent_1":-0.08653846383094788,"grad_norm_critic":0.34488120675086975,"_wandb":{"runtime":103},"return_agent_5":-0.08653846383094788,"entropy":1349.1407470703125,"total_loss":51.324378967285156,"mean_reward_agent_1":0}