{"return_agent_4":7.072115421295166,"grad_norm_critic":0.11877786368131638,"grad_norm_actor":0.0023310724645853043,"total_loss":-2195.367919921875,"entropy":0.003821012796834111,"_wandb":{"runtime":101},"mean_reward_agent_2":0,"value_loss":2.4211442470550537,"return":7.072115421295166,"mean_reward_agent_0":0.701904296875,"_timestamp":1.7798948977659435e+09,"update_step":121,"return_agent_1":7.072115421295166,"return_agent_3":7.072115421295166,"env_step":991232,"_runtime":101,"return_agent_0":7.072115421295166,"mean_reward_agent_4":0.701904296875,"mean_reward_agent_3":0,"mean_reward_per_step":0.28076171875,"num_episodes_completed":832,"actor_loss":-2197.7890625,"return_agent_2":7.072115421295166,"_step":121,"episode_length":10,"approx_kl":2.5931597065209644e-06,"mean_reward_agent_1":0}