{"return":6.115385055541992,"mean_reward_agent_3":0,"return_agent_1":6.115385055541992,"return_agent_5":6.115385055541992,"_wandb":{"runtime":120},"return_agent_2":6.115385055541992,"state_mse":0.0019208831945434213,"mean_reward_agent_2":0,"mean_reward_agent_1":0,"grad_norm_critic":0.002762189833447337,"total_loss":-2495.829345703125,"value_loss":1.9215259552001953,"approx_kl":5.2082496040384285e-06,"return_agent_3":6.115385055541992,"num_episodes_completed":832,"_timestamp":1.7798981763893633e+09,"mean_reward_per_step":0.2027994841337204,"update_step":121,"_step":121,"entropy":0.006929451134055853,"actor_loss":-2497.752685546875,"return_agent_0":6.115385055541992,"episode_length":10,"mean_reward_agent_5":0.6083984375,"grad_norm_actor":0.007600599899888039,"mean_reward_agent_4":0,"return_agent_4":6.115385055541992,"env_step":991232,"_runtime":120,"mean_reward_agent_0":0.6083984375}