{"total_loss":0.0003534997522365302,"approx_kl":2.4531212261535984e-07,"env_step":9.986048e+06,"entropy":0.35116952657699585,"_step":9986048,"win_rate":0.9801980257034302,"actor_loss":-8.727385647944175e-06,"clip_frac":0,"value_loss":0.0003622271469794214,"ratio":0.9999979734420776,"_runtime":191.559542339,"_timestamp":1.780912120121146e+09,"_wandb":{"runtime":191},"ratio_0":1,"returns":1.9793132543563843}