{"return_agent_0":9.302885055541992,"env_step":991232,"entropy":70.98892974853516,"return":9.302885055541992,"actor_loss":-28.820913314819336,"approx_kl":0.05739661306142807,"_timestamp":1.7798945995497983e+09,"num_episodes_completed":832,"mean_reward_per_step":0.94140625,"value_loss":0.2682003378868103,"_runtime":81,"update_step":121,"total_loss":-29.26260757446289,"_wandb":{"runtime":81},"episode_length":10,"mean_reward_agent_1":0.94140625,"return_agent_1":9.302885055541992,"mean_reward_agent_0":0.94140625,"_step":121}