{"returns":1.9999996423721313,"env_step":9.986048e+06,"_timestamp":1.780781576836466e+09,"value_loss":5.070414044894278e-05,"ratio":0.9999938011169434,"entropy":0.3919929265975952,"win_rate":1,"_wandb":{"runtime":242},"clip_frac":0,"ratio_0":0.9999927878379822,"approx_kl":3.377671191628906e-07,"_step":9986048,"actor_loss":-1.0868068784475327e-05,"total_loss":3.9836071664467454e-05,"_runtime":242.565956027}