{"_step":4096,"ratio_0":1,"win_rate":0,"_wandb":{"runtime":0},"env_step":4096,"_timestamp":1.7804987882511122e+09,"returns":0.20612777769565582,"actor_loss":8.488446837873198e-06,"clip_frac":0.05588379502296448,"approx_kl":0.00033318233909085393,"ratio":0.9998167157173157,"total_loss":1.4696264266967773,"value_loss":1.4696179628372192,"_runtime":0.046463348,"entropy":1.186990737915039}