{"ratio":1.0000009536743164,"entropy":0.2572888135910034,"returns":1.999999761581421,"clip_frac":0,"ratio_0":1,"actor_loss":-1.7924082840181654e-07,"total_loss":5.227760539128212e-06,"_timestamp":1.7809112414422438e+09,"value_loss":5.407001935964217e-06,"_runtime":183.719982539,"_wandb":{"runtime":183},"win_rate":1,"_step":9986048,"approx_kl":5.4049380082688003e-08,"env_step":9.986048e+06}