{"_timestamp":1.7814762581242914e+09,"comm_ctx_norm":2.431286096572876,"_wandb":{"runtime":1852},"env_step":9.986048e+06,"_step":9986048,"returns":-43.628013610839844,"value_loss":0.40632686018943787,"expected_msg_len":9.508049011230469,"_runtime":1852.831037154,"entropy":0.7341483235359192,"clip_frac":0.0014953614445403218,"silence_rate":0.0591227225959301,"ratio":0.9998545050621033,"gumbel_tau":1,"approx_kl":0.00019688517204485834,"actor_loss":-0.007280878722667694,"token_entropy":1.6991186141967773,"total_loss":0.39904600381851196,"critic_grad_norm":1.754888892173767,"msg_len":8.969645500183105,"actor_grad_norm":0.3126705586910248,"ratio_0":0.9998577833175659}