{"_step":1219,"grad_norm_critic":0.7278003096580505,"episode_length":26,"grad_norm_actor":0.42980247735977173,"return_team_agents":-6.18587064743042,"_timestamp":1.781093236943616e+09,"entropy":0.6943100094795227,"value_loss":0.4584822654724121,"approx_kl":0.006548464298248291,"update_step":1219,"env_step":9986048,"episode_length_team_agents":20.666667938232422,"_runtime":79.504482088,"_wandb":{"runtime":79},"mean_reward_per_step":-0.3191280663013458,"actor_loss":-0.008647079579532146,"total_loss":0.44289207458496094,"num_episodes_completed":384,"return":-26.057231903076172}