{"return_agent_1":7.956730842590332,"return_agent_0":7.956730842590332,"return":7.956730842590332,"state_mse":0.001864149933680892,"mean_reward_agent_3":0.7890625,"return_agent_3":7.956730842590332,"episode_length":10,"grad_norm_actor":0.03712842985987663,"entropy":0.004124938976019621,"actor_loss":-1839.0799560546875,"mean_reward_agent_0":0.7890625,"grad_norm_critic":0.06627839058637619,"env_step":991232,"value_loss":2.732231616973877,"num_episodes_completed":832,"mean_reward_per_step":0.39453125,"approx_kl":0.006477974355220795,"mean_reward_agent_1":0,"_runtime":103,"mean_reward_agent_2":0,"return_agent_2":7.956730842590332,"_wandb":{"runtime":103},"total_loss":-1836.3458251953125,"_step":121,"update_step":121,"_timestamp":1.7799014011635609e+09}