{"ratio":0.9999987483024597,"_wandb":{"runtime":190},"value_loss":0.0001761604071361944,"_runtime":190.983873521,"_timestamp":1.7809141649042456e+09,"total_loss":0.00016803073231130838,"approx_kl":8.903769810331141e-08,"_step":9986048,"ratio_0":1,"returns":1.9840797185897827,"env_step":9.986048e+06,"entropy":0.4832002520561218,"clip_frac":0,"win_rate":0.9899999499320984,"actor_loss":-8.129670277412515e-06}