{"total_loss":0.5465277433395386,"env_step":9.986048e+06,"returns":-48.32535934448242,"clip_frac":0,"ratio_0":1,"_timestamp":1.7811099607143645e+09,"value_loss":0.5535051822662354,"_step":9986048,"_wandb":{"runtime":278},"_runtime":278.732529922,"actor_loss":-0.006977432407438755,"entropy":0.6956700086593628,"ratio":0.999995231628418,"approx_kl":1.0176261184824398e-06}