{"expected_msg_len":1,"actor_grad_norm":0.5556442737579346,"silence_rate":0.046875,"gumbel_tau":1,"_runtime":511.529686112,"token_entropy":0,"_wandb":{"runtime":511},"total_loss":0.0835152417421341,"ratio_0":0.9999975562095642,"approx_kl":2.160568783438066e-06,"ratio":0.9999792575836182,"value_loss":0.0915156677365303,"critic_grad_norm":0.5580568909645081,"comm_ctx_norm":2.1592493057250977,"clip_frac":0,"_timestamp":1.7815310996868858e+09,"entropy":0.796996533870697,"msg_len":0.953125,"actor_loss":-0.008000437170267105,"returns":-28.407405853271484,"env_step":9.986048e+06,"_step":9986048}