{"approx_kl":2.915978620876558e-05,"entropy":0.007265154737979174,"_runtime":99,"_wandb":{"runtime":99},"total_loss":-1304.7174072265625,"env_step":991232,"return":8.959135055541992,"num_episodes_completed":832,"return_agent_0":8.959135055541992,"mean_reward_agent_0":0.893798828125,"_timestamp":1.779897823829834e+09,"mean_reward_agent_1":0,"grad_norm_actor":0.00922404881566763,"mean_reward_agent_2":0.893798828125,"state_mse":0.001158721512183547,"grad_norm_critic":0.06805264949798584,"mean_reward_per_step":0.5958659052848816,"episode_length":10,"return_agent_2":8.959135055541992,"_step":121,"update_step":121,"value_loss":2.6421337127685547,"actor_loss":-1307.360595703125,"return_agent_1":8.959135055541992}