{"_step":121,"approx_kl":1.6777712517068721e-06,"mean_reward_agent_0":0.7861328125,"env_step":991232,"total_loss":-1833.7347412109375,"return_agent_2":7.903846263885498,"_wandb":{"runtime":95},"entropy":0.004460169468075037,"mean_reward_agent_3":0.7861328125,"_timestamp":1.7798947915907018e+09,"episode_length":10,"mean_reward_per_step":0.39306640625,"mean_reward_agent_1":0,"return_agent_1":7.903846263885498,"actor_loss":-1836.46923828125,"_runtime":95,"return_agent_0":7.903846263885498,"return":7.903846263885498,"mean_reward_agent_2":0,"value_loss":2.7343735694885254,"return_agent_3":7.903846263885498,"update_step":121,"num_episodes_completed":832}