{"actor_loss":-0.0076463897712528706,"_step":9986048,"clip_frac":0.0008544922457076609,"total_loss":0.4322061240673065,"msg_len":5.109171390533447,"ratio_0":0.9999914169311523,"comm_ctx_norm":3.3320558071136475,"_timestamp":1.7814874890770063e+09,"value_loss":0.43985244631767273,"token_entropy":1.5672062635421753,"_wandb":{"runtime":5565},"ratio":1.0001499652862549,"silence_rate":0.046875,"expected_msg_len":6.015658855438232,"gumbel_tau":1,"actor_grad_norm":0.34291067719459534,"approx_kl":0.00011509490286698565,"critic_grad_norm":1.6100718975067139,"env_step":9.986048e+06,"returns":-42.04854202270508,"_runtime":5565.247529634,"entropy":0.7666432857513428}