{"value_loss":0.00012561299081426114,"_wandb":{"runtime":216},"approx_kl":8.565341147459549e-08,"total_loss":0.00012205832899780944,"ratio":0.9999988675117493,"win_rate":1,"_step":9986048,"_timestamp":1.7809133216046152e+09,"env_step":9.986048e+06,"entropy":0.5021629333496094,"_runtime":216.605423333,"actor_loss":-3.554672275640769e-06,"returns":2,"clip_frac":0,"ratio_0":1}