{"value_loss":0.5143947601318359,"grad_norm_critic":3.613746166229248,"update_step":1219,"actor_loss":-0.0004756234120577574,"_wandb":{"runtime":99},"entropy":0.9613104462623596,"approx_kl":0.003362092887982726,"total_loss":0.5043059587478638,"mean_reward_per_step":-0.4679971933364868,"_step":1219,"_runtime":99.994302982,"_timestamp":1.7811034983109229e+09,"env_step":9986048,"grad_norm_actor":0.4389326870441437,"return":-37.409812927246094,"episode_length":26,"num_episodes_completed":384}