{"return_agent_2":8.990385055541992,"mean_reward_agent_0":0.898193359375,"grad_norm_critic":0.04044503718614578,"return_agent_0":8.990385055541992,"return_agent_1":8.990385055541992,"mean_reward_agent_2":0.898193359375,"mean_reward_agent_1":0,"grad_norm_actor":0.007837282493710518,"_wandb":{"runtime":56},"actor_loss":-1307.198974609375,"_runtime":56,"_step":66,"num_episodes_completed":832,"entropy":0.02100321277976036,"value_loss":2.648064613342285,"mean_reward_per_step":0.5987955927848816,"env_step":540672,"return":8.990385055541992,"_timestamp":1.779897608687811e+09,"episode_length":10,"approx_kl":5.022042159907869e-07,"total_loss":-1304.5511474609375,"update_step":66}