{"_wandb":{"runtime":275},"_runtime":275.220099055,"env_step":9.986048e+06,"actor_loss":-0.00861902441829443,"total_loss":0.15268778800964355,"clip_frac":0,"approx_kl":6.227310791473428e-07,"returns":-35.11609649658203,"_step":9986048,"ratio":0.9999958872795105,"_timestamp":1.7811102666038013e+09,"entropy":0.8603665828704834,"ratio_0":1,"value_loss":0.16130678355693817}