{"_wandb":{"runtime":118},"return_agent_1":-0.38701924681663513,"env_step":991232,"mean_reward_agent_6":0,"value_loss":1.0713911056518555,"mean_reward_agent_2":0,"return_agent_4":-0.38701924681663513,"grad_norm_critic":0.3074718713760376,"_timestamp":1.7799048608915496e+09,"return_agent_6":-0.38701924681663513,"_step":121,"return_agent_5":-0.38701924681663513,"return":-0.38701924681663513,"mean_reward_agent_1":0,"return_agent_0":-0.38701924681663513,"total_loss":189.05679321289062,"mean_reward_agent_4":0,"actor_loss":199.27761840820312,"entropy":1130.1776123046875,"mean_reward_agent_0":-0.03466796875,"mean_reward_agent_3":0,"num_episodes_completed":832,"update_step":121,"mean_reward_agent_5":0,"return_agent_2":-0.38701924681663513,"return_agent_7":-0.38701924681663513,"grad_norm_actor":506.8614807128906,"return_agent_3":-0.38701924681663513,"mean_reward_per_step":-0.0086669921875,"mean_reward_agent_7":-0.03466796875,"approx_kl":0.001533987233415246,"state_mse":0.009568591602146626,"episode_length":10,"_runtime":118}