{"num_episodes_completed":384,"update_step":1219,"return_team_agents":-20.43405532836914,"return":-77.3485107421875,"_timestamp":1.78109222362689e+09,"approx_kl":0.002093069488182664,"total_loss":6.447210788726807,"_step":1219,"episode_length_team_agents":20.666667938232422,"entropy":0.34986329078674316,"_runtime":80.531060656,"env_step":9986048,"actor_loss":-0.002457267139106989,"value_loss":6.453164577484131,"episode_length":26,"_wandb":{"runtime":80},"grad_norm_critic":20.446035385131836,"grad_norm_actor":0.16221101582050323,"mean_reward_per_step":-0.9876034259796143}