{"mean_reward_agent_4":-0.026123046875,"mean_reward_agent_3":0,"_runtime":105,"actor_loss":46.79230880737305,"state_mse":0.02154296450316906,"approx_kl":0.0016406896756961942,"mean_reward_agent_0":-0.026123046875,"entropy":507.31158447265625,"return_agent_0":-0.21394231915473938,"return_agent_3":-0.21394231915473938,"num_episodes_completed":832,"value_loss":2.4396979808807373,"_wandb":{"runtime":105},"env_step":991232,"grad_norm_critic":0.2130637764930725,"return_agent_4":-0.21394231915473938,"grad_norm_actor":191.94969177246094,"total_loss":44.18043518066406,"mean_reward_agent_2":0,"mean_reward_agent_1":0,"_timestamp":1.7799045041333067e+09,"episode_length":10,"update_step":121,"mean_reward_per_step":-0.010449218563735485,"return_agent_2":-0.21394231915473938,"_step":121,"return":-0.21394231915473938,"return_agent_1":-0.21394231915473938}