{"entropy":0.7276074886322021,"token_entropy":0,"gumbel_tau":1,"value_loss":0.5200003981590271,"_wandb":{"runtime":1852},"ratio":0.9999960660934448,"expected_msg_len":1.0000035762786865,"comm_ctx_norm":0,"approx_kl":4.389316359265649e-07,"total_loss":0.5227081775665283,"actor_loss":0.0027078099083155394,"_runtime":1852.31871545,"env_step":9.986048e+06,"critic_grad_norm":2.352555990219116,"clip_frac":0,"_timestamp":1.7814682522579112e+09,"silence_rate":1,"msg_len":0,"ratio_0":1.0000081062316895,"returns":-48.30828857421875,"_step":9986048,"actor_grad_norm":0.31531447172164917}