{"return_agent_3":7.100961685180664,"update_step":121,"return":7.100961685180664,"_wandb":{"runtime":96},"return_agent_0":7.100961685180664,"episode_length":10,"mean_reward_agent_0":0.705810546875,"entropy":0.003684523981064558,"env_step":991232,"_timestamp":1.779892647376378e+09,"mean_reward_agent_1":0,"return_agent_4":7.100961685180664,"return_agent_2":7.100961685180664,"mean_reward_agent_3":0,"value_loss":2.40132999420166,"_runtime":96,"_step":121,"actor_loss":-2212.08740234375,"total_loss":-2209.686279296875,"mean_reward_per_step":0.2823242247104645,"mean_reward_agent_2":0,"return_agent_1":7.100961685180664,"num_episodes_completed":832,"mean_reward_agent_4":0.705810546875,"approx_kl":5.935316380600852e-07}