{"_step":121,"_runtime":110,"value_loss":0.6398832201957703,"mean_reward_agent_2":0,"grad_norm_critic":0.1833532750606537,"mean_reward_agent_5":0,"actor_loss":39.51675033569336,"return_agent_5":-0.01923076994717121,"env_step":991232,"_timestamp":1.7798952323813767e+09,"return_agent_6":-0.01923076994717121,"_wandb":{"runtime":110},"approx_kl":0.0011261331383138895,"update_step":121,"mean_reward_per_step":-0.0013427734375,"return_agent_0":-0.01923076994717121,"mean_reward_agent_7":-0.00537109375,"return_agent_4":-0.01923076994717121,"episode_length":10,"mean_reward_agent_4":0,"mean_reward_agent_1":0,"return":-0.01923076994717121,"entropy":1065.4617919921875,"grad_norm_actor":370.674072265625,"total_loss":29.502023696899414,"return_agent_7":-0.01923076994717121,"mean_reward_agent_6":0,"mean_reward_agent_3":0,"return_agent_1":-0.01923076994717121,"mean_reward_agent_0":-0.00537109375,"return_agent_2":-0.01923076994717121,"num_episodes_completed":832,"return_agent_3":-0.01923076994717121}