{"entropy":0.2034570276737213,"win_rate":0.3046683073043823,"_runtime":336.40625406,"actor_loss":2.7853238862007856e-06,"returns":1.1748156547546387,"env_step":9.986048e+06,"_step":9986048,"clip_frac":0,"ratio":0.9999967217445374,"ratio_0":0.999995231628418,"approx_kl":3.277959024217125e-07,"value_loss":0.01977217197418213,"_wandb":{"runtime":336},"total_loss":0.01977495849132538,"_timestamp":1.781083110445798e+09}