{"_step":9986048,"entropy":0.19544027745723724,"actor_loss":-2.0973384380340576e-06,"value_loss":0.013360951095819473,"returns":1.7915245294570923,"clip_frac":0,"_timestamp":1.7809344816032841e+09,"_wandb":{"runtime":271},"env_step":9.986048e+06,"total_loss":0.013358852826058865,"approx_kl":2.5363538824763054e-08,"_runtime":271.182796216,"win_rate":0.8144989609718323,"ratio_0":1,"ratio":0.9999987483024597}