{"approx_kl":0.00034018795122392476,"ratio_0":1,"total_loss":2.420062303543091,"_timestamp":1.7804988844939494e+09,"clip_frac":0.05373535305261612,"actor_loss":-0.00015660181816201657,"value_loss":2.4202189445495605,"_runtime":0.044114687,"ratio":1.0000020265579224,"_step":4096,"returns":0.2183370143175125,"entropy":1.202001929283142,"_wandb":{"runtime":0},"env_step":4096,"win_rate":0}