{"entropy":0.4520953297615051,"return":-36.33452606201172,"grad_norm_critic":0.4276805520057678,"total_loss":0.3102051615715027,"_timestamp":1.7811004070258386e+09,"_runtime":988.226071468,"grad_norm_actor":0.47588691115379333,"mean_reward_per_step":-0.4487835764884949,"num_episodes_completed":384,"value_loss":0.3447149097919464,"_step":1219,"actor_loss":-0.029988868162035942,"approx_kl":0.07069193571805954,"_wandb":{"runtime":988},"env_step":9986048,"episode_length":26,"update_step":1219}