{"expected_msg_len":5.8022871017456055,"ratio":0.9999299049377441,"silence_rate":0.046875,"_step":9986048,"approx_kl":0.0005470095784403384,"entropy":0.8715293407440186,"actor_loss":-0.00844842940568924,"token_entropy":1.670242428779602,"msg_len":4.730133056640625,"_wandb":{"runtime":5433},"ratio_0":0.9997813701629639,"clip_frac":0.005126953590661287,"env_step":9.986048e+06,"gumbel_tau":1,"critic_grad_norm":1.8437684774398804,"total_loss":0.4107081890106201,"_runtime":5433.127187842,"value_loss":0.419156551361084,"returns":-51.248146057128906,"comm_ctx_norm":2.8368325233459473,"_timestamp":1.7814930959195726e+09,"actor_grad_norm":0.31731027364730835}