{"_wandb":{"runtime":336},"_step":9986048,"actor_loss":-3.5380071494728327e-06,"entropy":0.31584349274635315,"returns":1.7768888473510742,"ratio_0":1.0000041723251343,"total_loss":0.014494284987449646,"win_rate":0.8022222518920898,"clip_frac":0,"env_step":9.986048e+06,"value_loss":0.01449782308191061,"approx_kl":1.440408397002102e-07,"ratio":1.0000004768371582,"_timestamp":1.781083872710342e+09,"_runtime":336.370402052}