{"total_loss":0.3003838062286377,"env_step":4096,"returns":0.20076577365398407,"clip_frac":0.040283203125,"win_rate":0,"_step":4096,"_wandb":{"runtime":0},"entropy":1.1223351955413818,"ratio":1.0001858472824097,"value_loss":0.3004496991634369,"_timestamp":1.7804987881431465e+09,"approx_kl":0.000295643403660506,"_runtime":0.044766855,"actor_loss":-6.590275734197348e-05,"ratio_0":1}