{"_timestamp":1.7810842560722363e+09,"ratio":0.9999961853027344,"env_step":9.986048e+06,"approx_kl":2.056183632248576e-07,"win_rate":0.7050359845161438,"clip_frac":0,"_wandb":{"runtime":338},"_runtime":338.243546012,"_step":9986048,"returns":1.6622302532196045,"ratio_0":0.9999940395355225,"value_loss":0.01867838390171528,"entropy":0.36076903343200684,"actor_loss":-1.7288548406213522e-06,"total_loss":0.018676653504371643}