{"return_agent_2":7.072115421295166,"return_agent_3":7.072115421295166,"mean_reward_agent_4":0.701904296875,"return_agent_1":7.072115421295166,"_wandb":{"runtime":110},"return_agent_0":7.072115421295166,"return_agent_4":7.072115421295166,"total_loss":-2195.36474609375,"update_step":121,"grad_norm_critic":0.11333725601434708,"value_loss":2.4211339950561523,"approx_kl":7.136331987567246e-06,"actor_loss":-2197.7880859375,"mean_reward_agent_1":0,"mean_reward_per_step":0.28076171875,"mean_reward_agent_0":0.701904296875,"env_step":991232,"_timestamp":1.779903011669402e+09,"episode_length":10,"grad_norm_actor":0.010534622706472874,"entropy":0.003957966808229685,"return":7.072115421295166,"_step":121,"mean_reward_agent_3":0,"mean_reward_agent_2":0,"state_mse":0.0018300001975148916,"_runtime":110,"num_episodes_completed":832}