{"return_agent_1":9.997596740722656,"mean_reward_per_step":0.999755859375,"return_agent_0":9.997596740722656,"episode_length":10,"_runtime":87,"_timestamp":1.7799041960368774e+09,"mean_reward_agent_1":0.999755859375,"entropy":4.955059051513672,"actor_loss":0.44645020365715027,"grad_norm_critic":0.19247843325138092,"_step":121,"mean_reward_agent_0":0.999755859375,"approx_kl":0.0006094725104048848,"env_step":991232,"_wandb":{"runtime":87},"total_loss":0.3984975218772888,"state_mse":0.00041439064079895616,"grad_norm_actor":65.55448913574219,"value_loss":0.001183454878628254,"return":9.997596740722656,"update_step":121,"num_episodes_completed":832}