{"value_loss":0.6858974099159241,"mean_reward_agent_0":0.01513671875,"return_agent_5":0.13461539149284363,"num_episodes_completed":832,"return_agent_3":0.13461539149284363,"mean_reward_agent_5":0,"mean_reward_agent_6":0.01513671875,"return_agent_6":0.13461539149284363,"env_step":991232,"return_agent_2":0.13461539149284363,"total_loss":-157.64352416992188,"return_agent_4":0.13461539149284363,"mean_reward_agent_1":0,"mean_reward_per_step":0.00432477705180645,"entropy":1367.0166015625,"grad_norm_critic":0.7091536521911621,"episode_length":10,"mean_reward_agent_2":0,"_step":121,"actor_loss":-144.6592559814453,"grad_norm_actor":360.97821044921875,"mean_reward_agent_4":0,"update_step":121,"return":0.13461539149284363,"_timestamp":1.779895117511733e+09,"_runtime":107,"return_agent_1":0.13461539149284363,"return_agent_0":0.13461539149284363,"approx_kl":0.002762413118034601,"mean_reward_agent_3":0,"_wandb":{"runtime":107}}