{"returns":2,"win_rate":1,"actor_loss":-7.288053438969655e-06,"_timestamp":1.780927139747646e+09,"approx_kl":2.8830905307586363e-07,"entropy":0.44345372915267944,"clip_frac":0,"ratio_0":0.9999950528144836,"value_loss":0.00048710545524954796,"ratio":1.0000008344650269,"total_loss":0.00047981739044189453,"env_step":9.986048e+06,"_step":9986048,"_runtime":273.439800272,"_wandb":{"runtime":273}}