{"num_episodes_completed":832,"_wandb":{"runtime":105},"return_agent_0":-0.3774038553237915,"return_agent_7":-0.3774038553237915,"total_loss":198.35525512695312,"value_loss":0.8676726818084717,"mean_reward_agent_7":-0.032470703125,"return_agent_2":-0.3774038553237915,"_timestamp":1.7798929675527987e+09,"actor_loss":210.17364501953125,"mean_reward_per_step":-0.00811767578125,"_step":121,"mean_reward_agent_5":0,"return_agent_6":-0.3774038553237915,"update_step":121,"mean_reward_agent_3":0,"return_agent_5":-0.3774038553237915,"return_agent_4":-0.3774038553237915,"return_agent_1":-0.3774038553237915,"episode_length":10,"entropy":1268.6044921875,"return_agent_3":-0.3774038553237915,"mean_reward_agent_4":0,"_runtime":105,"mean_reward_agent_6":0,"mean_reward_agent_0":-0.032470703125,"return":-0.3774038553237915,"approx_kl":0.0030424920842051506,"mean_reward_agent_2":0,"mean_reward_agent_1":0,"env_step":991232}