{"win_rate":0.9896906614303589,"value_loss":0.0003033543180208653,"env_step":9.986048e+06,"ratio":0.9999911189079285,"ratio_0":0.999992847442627,"entropy":0.3701334595680237,"total_loss":0.0002977307594846934,"_wandb":{"runtime":240},"_step":9986048,"returns":1.9895941019058228,"_timestamp":1.7809206019908283e+09,"actor_loss":-5.623558990919264e-06,"_runtime":240.859113361,"clip_frac":0,"approx_kl":4.004271545454685e-07}