{"token_entropy":0,"total_loss":0.0967618003487587,"_wandb":{"runtime":511},"_step":9986048,"approx_kl":4.037800408696057e-06,"silence_rate":0.046875,"msg_len":0.953125,"_runtime":511.593532749,"comm_ctx_norm":2.096341133117676,"ratio":1.0000536441802979,"actor_grad_norm":0.6109141111373901,"returns":-29.436880111694336,"entropy":0.8065589070320129,"expected_msg_len":1,"ratio_0":1.0000051259994507,"actor_loss":-0.00812117662280798,"gumbel_tau":1,"critic_grad_norm":0.527553141117096,"_timestamp":1.7815310996880326e+09,"env_step":9.986048e+06,"value_loss":0.10488296300172806,"clip_frac":0}