{"episode_length":10,"return_agent_2":5.956730842590332,"total_loss":-2618.47607421875,"return_agent_1":5.956730842590332,"_timestamp":1.7799016370955234e+09,"env_step":991232,"mean_reward_agent_1":0,"_step":121,"_runtime":116,"return_agent_5":5.956730842590332,"grad_norm_critic":0.049684278666973114,"actor_loss":-2620.177001953125,"value_loss":1.697946310043335,"_wandb":{"runtime":116},"mean_reward_agent_5":0.59033203125,"state_mse":0.002883230336010456,"return_agent_3":5.956730842590332,"mean_reward_agent_4":0,"mean_reward_agent_3":0,"grad_norm_actor":0.0096963532269001,"return":5.956730842590332,"update_step":121,"return_agent_4":5.956730842590332,"mean_reward_agent_2":0,"approx_kl":3.7676865758839995e-05,"entropy":0.004691709764301777,"return_agent_0":5.956730842590332,"mean_reward_per_step":0.19677734375,"num_episodes_completed":832,"mean_reward_agent_0":0.59033203125}