{"_step":1219,"grad_norm_actor":0.38217270374298096,"return_team_agents":-10.99918270111084,"grad_norm_critic":1.9953666925430298,"_wandb":{"runtime":80},"episode_length":26,"_timestamp":1.7810926284198039e+09,"return":-43.416316986083984,"num_episodes_completed":384,"actor_loss":-0.009046852588653564,"env_step":9986048,"update_step":1219,"_runtime":80.811952035,"entropy":0.6594851016998291,"total_loss":2.6696810722351074,"approx_kl":0.004853880498558283,"mean_reward_per_step":-0.5448737144470215,"episode_length_team_agents":20.666667938232422,"value_loss":2.6853220462799072}