{"return_agent_1":7.903846263885498,"entropy":0.004791580140590668,"update_step":121,"grad_norm_actor":0.006220180541276932,"_runtime":103,"actor_loss":-1836.4915771484375,"approx_kl":7.55106144278983e-10,"env_step":991232,"return_agent_0":7.903846263885498,"return_agent_2":7.903846263885498,"mean_reward_agent_3":0.7861328125,"_step":121,"mean_reward_per_step":0.39306640625,"state_mse":0.0016367268981412053,"num_episodes_completed":832,"episode_length":10,"_wandb":{"runtime":103},"grad_norm_critic":0.11112848669290543,"mean_reward_agent_1":0,"mean_reward_agent_0":0.7861328125,"total_loss":-1833.755615234375,"mean_reward_agent_2":0,"_timestamp":1.7798979324278393e+09,"return_agent_3":7.903846263885498,"return":7.903846263885498,"value_loss":2.7343924045562744}