{"msg_len":0,"token_entropy":0,"_timestamp":1.7814817177065105e+09,"gumbel_tau":0.5,"approx_kl":3.846989216071961e-07,"critic_grad_norm":2.1019303798675537,"silence_rate":1,"_step":9986048,"total_loss":0.5133175253868103,"entropy":0.7221617698669434,"returns":-47.711708068847656,"env_step":9.986048e+06,"ratio":0.9999930262565613,"actor_loss":-0.00722873117774725,"comm_ctx_norm":0,"_wandb":{"runtime":4319},"_runtime":4319.040932766,"expected_msg_len":1.0000009536743164,"value_loss":0.5205461382865906,"actor_grad_norm":0.2612781226634979,"ratio_0":1.0000007152557373,"clip_frac":0}