{"episode_length":26,"_runtime":997.430528667,"_step":1219,"value_loss":1.1636885404586792,"_timestamp":1.7810962965153117e+09,"actor_loss":-0.029401510953903198,"entropy":0.5841248631477356,"return":-63.66417694091797,"env_step":9986048,"grad_norm_actor":0.4204498827457428,"mean_reward_per_step":-0.7971767783164978,"approx_kl":0.041682951152324677,"grad_norm_critic":1.1688122749328613,"update_step":1219,"num_episodes_completed":384,"total_loss":1.1284456253051758,"_wandb":{"runtime":997}}