{"_wandb":{"runtime":94},"grad_norm_critic":0.0932999700307846,"grad_norm_actor":0.009718322195112705,"return_agent_2":9.024039268493652,"_timestamp":1.779901292331537e+09,"return":9.024039268493652,"episode_length":10,"mean_reward_agent_2":0.900634765625,"env_step":991232,"state_mse":0.0012344608549028635,"actor_loss":-1307.1903076171875,"mean_reward_agent_0":0.900634765625,"_step":121,"total_loss":-1304.538330078125,"_runtime":94,"return_agent_1":9.024039268493652,"num_episodes_completed":832,"return_agent_0":9.024039268493652,"approx_kl":1.3019349580645212e-06,"update_step":121,"mean_reward_agent_1":0,"value_loss":2.6510181427001953,"mean_reward_per_step":0.6004232168197632,"entropy":0.006228540558367968}