{"_step":9986048,"actor_loss":0.0018498399294912815,"gumbel_tau":1,"actor_grad_norm":0.600796639919281,"_runtime":1850.786107786,"env_step":9.986048e+06,"silence_rate":1,"returns":-29.798858642578125,"_wandb":{"runtime":1850},"entropy":0.8132938742637634,"expected_msg_len":1.0000001192092896,"total_loss":0.10742679983377457,"comm_ctx_norm":0,"ratio":0.9999905824661255,"critic_grad_norm":0.6093092560768127,"value_loss":0.10557696223258972,"ratio_0":0.999980092048645,"approx_kl":4.898181487078546e-06,"token_entropy":0,"clip_frac":0,"_timestamp":1.7814722398100083e+09,"msg_len":0}