{"entropy":1317.4227294921875,"state_mse":0.032216399908065796,"_runtime":135,"mean_reward_agent_8":0.001708984375,"value_loss":0.5500282049179077,"mean_reward_agent_6":0,"return_agent_4":0.004807692486792803,"num_episodes_completed":832,"mean_reward_agent_2":0,"env_step":991232,"mean_reward_agent_5":0,"mean_reward_per_step":0.00037977431202307343,"return_agent_7":0.004807692486792803,"update_step":121,"return":0.004807692486792803,"episode_length":10,"return_agent_3":0.004807692486792803,"actor_loss":-49.585227966308594,"grad_norm_actor":411.2361755371094,"return_agent_2":0.004807692486792803,"mean_reward_agent_7":0,"_timestamp":1.7799035298893187e+09,"mean_reward_agent_4":0,"approx_kl":0.00014170966460369527,"mean_reward_agent_3":0,"total_loss":-62.177215576171875,"return_agent_5":0.004807692486792803,"return_agent_6":0.004807692486792803,"_step":121,"return_agent_8":0.004807692486792803,"_wandb":{"runtime":135},"return_agent_0":0.004807692486792803,"mean_reward_agent_0":0.001708984375,"mean_reward_agent_1":0,"grad_norm_critic":0.21181145310401917,"return_agent_1":0.004807692486792803}