{"value_loss":0.0002554975217208266,"ratio":1.000005841255188,"actor_loss":-7.2168768383562565e-06,"approx_kl":4.0834393644217926e-07,"win_rate":0.9894737005233765,"_timestamp":1.7809214438317509e+09,"_step":9986048,"ratio_0":1.0000102519989014,"env_step":9.986048e+06,"returns":1.9890944957733154,"clip_frac":0,"_runtime":240.013528343,"_wandb":{"runtime":240},"entropy":0.41753482818603516,"total_loss":0.00024828064488247037}