{"win_rate":1,"entropy":0.264257550239563,"ratio_0":1,"_step":9986048,"_timestamp":1.7809112414408169e+09,"_wandb":{"runtime":183},"value_loss":4.943155545333866e-06,"clip_frac":0,"approx_kl":2.8426404341530542e-08,"returns":1.999999761581421,"ratio":1.000001072883606,"total_loss":4.532364982878789e-06,"_runtime":183.866719678,"env_step":9.986048e+06,"actor_loss":-4.1079087509388046e-07}