{"value_loss":0.016047127544879913,"_runtime":343.700223473,"ratio_0":0.9999971389770508,"actor_loss":-6.1238533817231655e-06,"clip_frac":3.0517578125e-05,"win_rate":0.7760531902313232,"approx_kl":3.592653285977576e-07,"env_step":9.986048e+06,"returns":1.7402993440628052,"entropy":0.31823816895484924,"total_loss":0.016041003167629242,"_step":9986048,"_timestamp":1.7809387125357194e+09,"ratio":0.9999961256980896,"_wandb":{"runtime":343}}