{"approx_kl":4.6729729774597217e-07,"clip_frac":0,"env_step":9.986048e+06,"total_loss":0.0002397429198026657,"actor_loss":-9.496090569882654e-06,"_runtime":273.11279395,"_wandb":{"runtime":273},"ratio_0":1.0000052452087402,"_timestamp":1.7809280744590945e+09,"entropy":0.5280540585517883,"_step":9986048,"value_loss":0.00024923900491558015,"win_rate":1,"returns":2,"ratio":1.0000051259994507}