{"actor_loss":-1.3969466635899153e-05,"_wandb":{"runtime":272},"clip_frac":0,"env_step":9.986048e+06,"_runtime":272.843823396,"returns":2,"entropy":0.5640097260475159,"approx_kl":7.353995670200675e-07,"_timestamp":1.780928074460619e+09,"win_rate":1,"ratio":1.000003695487976,"_step":9986048,"total_loss":5.468632298288867e-05,"ratio_0":1.0000004768371582,"value_loss":6.865579052828252e-05}