{"approx_kl":3.317513233014324e-07,"ratio":0.9999985098838806,"_timestamp":1.7809383225771894e+09,"actor_loss":-6.911694072186947e-06,"value_loss":0.013213681057095528,"_step":9986048,"env_step":9.986048e+06,"_wandb":{"runtime":343},"_runtime":343.709942131,"total_loss":0.013206768780946732,"win_rate":0.8127753138542175,"entropy":0.32875534892082214,"returns":1.788050651550293,"clip_frac":0,"ratio_0":1.0000050067901611}