{"env_step":991232,"num_episodes_completed":832,"return_agent_1":0.15144231915473938,"_step":121,"_wandb":{"runtime":121},"entropy":1382.345703125,"return":0.15144231915473938,"actor_loss":-110.1944351196289,"total_loss":-123.19962310791016,"mean_reward_per_step":0.00530133955180645,"return_agent_3":0.15144231915473938,"return_agent_5":0.15144231915473938,"return_agent_6":0.15144231915473938,"return_agent_4":0.15144231915473938,"return_agent_2":0.15144231915473938,"mean_reward_agent_5":0,"approx_kl":0.000759257294703275,"_timestamp":1.779901763482284e+09,"grad_norm_actor":500.401123046875,"value_loss":0.6106271743774414,"_runtime":121,"mean_reward_agent_3":0,"return_agent_0":0.15144231915473938,"update_step":121,"mean_reward_agent_6":0.0185546875,"state_mse":0.20765794813632965,"mean_reward_agent_2":0,"episode_length":10,"mean_reward_agent_1":0,"grad_norm_critic":0.18622438609600067,"mean_reward_agent_4":0,"mean_reward_agent_0":0.0185546875}