{"_timestamp":1.7809139428236315e+09,"ratio_0":1,"_step":9986048,"total_loss":0.0028539798222482204,"env_step":9.986048e+06,"actor_loss":-1.5572839402011596e-05,"ratio":0.9999992847442627,"value_loss":0.0028695526998490095,"_runtime":195.801558531,"returns":1.0017058849334717,"entropy":0.16518880426883698,"approx_kl":6.16798445207678e-07,"_wandb":{"runtime":195},"win_rate":0.13978494703769684,"clip_frac":0}