{"entropy":0.4470815658569336,"returns":2,"_step":9986048,"_runtime":273.920106762,"approx_kl":3.187985271324578e-07,"total_loss":9.504592890152708e-05,"value_loss":9.737511572893709e-05,"_timestamp":1.780927763943928e+09,"ratio_0":1.0000078678131104,"actor_loss":-2.3291913748835213e-06,"_wandb":{"runtime":273},"win_rate":1,"clip_frac":0,"ratio":1.0000019073486328,"env_step":9.986048e+06}