{"msg_len":9.429444313049316,"gumbel_tau":1,"expected_msg_len":9.912515640258789,"env_step":9.986048e+06,"ratio":0.9999808073043823,"actor_loss":-0.008107654750347137,"comm_ctx_norm":1.8738908767700195,"_timestamp":1.78152133735516e+09,"approx_kl":0.0001748815702740103,"ratio_0":1.0000066757202148,"_runtime":2036.952547636,"actor_grad_norm":0.6451375484466553,"_step":9986048,"entropy":0.8112630844116211,"clip_frac":0.0016581218224018812,"silence_rate":0.046875,"_wandb":{"runtime":2036},"returns":-28.541648864746094,"token_entropy":2.01598858833313,"total_loss":0.08051491528749466,"value_loss":0.0886225700378418,"critic_grad_norm":0.4946011006832123}