{"total_loss":1.094638705253601,"num_episodes_completed":384,"entropy":0.6074084639549255,"mean_reward_per_step":-0.6349412798881531,"_timestamp":1.7810973275211737e+09,"value_loss":1.1293089389801025,"actor_loss":-0.028596306219697,"grad_norm_critic":1.9720220565795898,"episode_length":26,"_wandb":{"runtime":1004},"_step":1219,"_runtime":1004.404227435,"env_step":9986048,"update_step":1219,"grad_norm_actor":0.35748955607414246,"return":-50.438079833984375,"approx_kl":0.055773552507162094}