{"_runtime":191.468682463,"_step":9986048,"ratio_0":1,"env_step":9.986048e+06,"ratio":1.0000014305114746,"clip_frac":0,"_timestamp":1.7809121201225293e+09,"approx_kl":7.465284568297648e-08,"returns":1.999999761581421,"actor_loss":-4.431097295309883e-06,"entropy":0.3133534789085388,"value_loss":5.595038601313718e-05,"total_loss":5.151928780833259e-05,"win_rate":1,"_wandb":{"runtime":191}}