{"total_loss":1.7020996809005737,"actor_loss":1.7116727828979492,"_step":121,"episode_length":10,"return_agent_0":9.997596740722656,"grad_norm_actor":100.6780776977539,"update_step":121,"mean_reward_agent_1":0.999755859375,"value_loss":0.0013512126170098782,"_runtime":90,"mean_reward_per_step":0.999755859375,"return":9.997596740722656,"_timestamp":1.7799011927823951e+09,"grad_norm_critic":0.04596483334898949,"entropy":2.228520393371582,"state_mse":0.011361049488186836,"_wandb":{"runtime":90},"return_agent_1":9.997596740722656,"approx_kl":0.0002680217439774424,"num_episodes_completed":832,"mean_reward_agent_0":0.999755859375,"env_step":991232}