{"total_loss":0.618219256401062,"_step":9986048,"critic_grad_norm":2.813246011734009,"value_loss":0.6178030371665955,"returns":-59.64106750488281,"token_entropy":0,"actor_grad_norm":0.24122877418994904,"approx_kl":7.153545311666676e-07,"comm_ctx_norm":0,"env_step":9.986048e+06,"ratio":0.9999954700469971,"msg_len":0,"actor_loss":0.00041620113188400865,"rollout/33pct":{"_type":"video-file","sha256":"97446e56fa4d06eccc65609e40b0eb01faad5be8833b37bf0365192ed04046f9","size":104968,"path":"media/videos/rollout/33pct_3284992_97446e56fa4d06eccc65.gif"},"_timestamp":1.7814662610263283e+09,"rollout/100pct":{"size":109380,"path":"media/videos/rollout/100pct_9977856_766524736151faa4ce44.gif","_type":"video-file","sha256":"766524736151faa4ce446ef08676dc756b9f8a5e0ff29f9c2bba1f7166e232da"},"rollout/66pct":{"size":110870,"path":"media/videos/rollout/66pct_6586368_057d200269301bc688a7.gif","_type":"video-file","sha256":"057d200269301bc688a729cfe7e5fa010fa9c505811358161ec1e0be6ffda8c4"},"_wandb":{"runtime":1850},"entropy":0.9566202163696289,"silence_rate":1,"clip_frac":0,"expected_msg_len":1.0000001192092896,"ratio_0":1.0000070333480835,"_runtime":1850.840514028,"rollout/0pct":{"path":"media/videos/rollout/0pct_0_050a123254f4b9f30533.gif","_type":"video-file","sha256":"050a123254f4b9f30533bf5f11f442b1918a0ccf90f8c8e5b5e06af6ec77c4cc","size":94787},"gumbel_tau":1}