{"critic_grad_norm":1.2178981304168701,"gumbel_tau":1,"ratio_0":1.0000150203704834,"_timestamp":1.7814702502405958e+09,"ratio":1.0000004768371582,"entropy":0.8789452910423279,"total_loss":0.1956304907798767,"_wandb":{"runtime":1858},"silence_rate":1,"expected_msg_len":1,"env_step":9.986048e+06,"clip_frac":0,"comm_ctx_norm":0,"approx_kl":3.5592217955127126e-06,"actor_grad_norm":0.44057852029800415,"token_entropy":0,"returns":-36.15740203857422,"msg_len":0,"_step":9986048,"value_loss":0.19444341957569122,"actor_loss":0.0011870590969920158,"_runtime":1858.220309353}