{"_timestamp":1.7814742662271175e+09,"value_loss":0.668714165687561,"total_loss":0.6590676307678223,"clip_frac":0,"env_step":9.986048e+06,"msg_len":0,"returns":-62.271968841552734,"comm_ctx_norm":0,"token_entropy":0,"gumbel_tau":1,"actor_grad_norm":0.2006259709596634,"critic_grad_norm":2.8182365894317627,"silence_rate":1,"_wandb":{"runtime":1850},"actor_loss":-0.009646500460803509,"ratio_0":1.0000174045562744,"approx_kl":1.6312957313857623e-06,"expected_msg_len":1.00002121925354,"ratio":0.9999930262565613,"_runtime":1850.224782651,"entropy":0.9619126915931702,"_step":9986048}