{"_timestamp":1.7809208860393753e+09,"actor_loss":-1.0145286069018766e-05,"_step":9986048,"entropy":0.40961214900016785,"returns":1.6065057516098022,"_wandb":{"runtime":246},"ratio_0":1.000004768371582,"total_loss":0.00429150927811861,"ratio":1.0000042915344238,"value_loss":0.004301654640585184,"clip_frac":0,"win_rate":0.6385542154312134,"env_step":9.986048e+06,"_runtime":246.219207891,"approx_kl":5.748828471041634e-07}