{"ratio":1.0000001192092896,"total_loss":0.7166643142700195,"win_rate":0,"env_step":126976,"returns":0.2077879011631012,"_wandb":{"runtime":0},"entropy":1.1376677751541138,"ratio_0":1,"actor_loss":-4.248272307449952e-05,"_step":126976,"value_loss":0.7167068719863892,"approx_kl":3.825377007160569e-06,"clip_frac":0,"_runtime":0.863288912,"_timestamp":1.7804988188113043e+09}