{"actor_loss":-2507.283935546875,"approx_kl":2.0729836251121014e-05,"grad_norm_critic":0.021485326811671257,"return_agent_1":5.86057710647583,"_timestamp":1.779898176391108e+09,"update_step":121,"value_loss":1.8361989259719849,"entropy":0.007370663806796074,"return_agent_0":5.86057710647583,"num_episodes_completed":832,"return_agent_4":5.86057710647583,"_runtime":120,"mean_reward_agent_4":0,"episode_length":10,"mean_reward_agent_1":0,"return_agent_3":5.86057710647583,"return_agent_5":5.86057710647583,"env_step":991232,"mean_reward_per_step":0.1927897185087204,"grad_norm_actor":0.008216136135160923,"mean_reward_agent_0":0.578369140625,"return_agent_2":5.86057710647583,"mean_reward_agent_5":0.578369140625,"mean_reward_agent_3":0,"_wandb":{"runtime":120},"state_mse":0.002009513322263956,"total_loss":-2505.44580078125,"mean_reward_agent_2":0,"return":5.86057710647583,"_step":121}