{"return_agent_8":-0.07692307978868484,"mean_reward_agent_5":0,"approx_kl":0.0007154287304729223,"mean_reward_agent_7":0,"mean_reward_agent_1":0,"mean_reward_agent_9":-0.0126953125,"grad_norm_actor":430.0604248046875,"return_agent_7":-0.07692307978868484,"num_episodes_completed":832,"mean_reward_agent_8":0,"mean_reward_per_step":-0.002539062639698386,"return_agent_9":-0.07692307978868484,"return_agent_6":-0.07692307978868484,"_timestamp":1.779905131072771e+09,"entropy":1386.396484375,"mean_reward_agent_6":0,"return_agent_1":-0.07692307978868484,"return_agent_4":-0.07692307978868484,"state_mse":0.013469083234667778,"mean_reward_agent_4":0,"actor_loss":117.027099609375,"mean_reward_agent_3":0,"update_step":121,"return":-0.07692307978868484,"env_step":991232,"return_agent_3":-0.07692307978868484,"return_agent_0":-0.07692307978868484,"_wandb":{"runtime":129},"return_agent_2":-0.07692307978868484,"_runtime":129,"grad_norm_critic":0.18179582059383392,"mean_reward_agent_0":-0.0126953125,"mean_reward_agent_2":0,"value_loss":0.5076516270637512,"return_agent_5":-0.07692307978868484,"total_loss":103.68426513671875,"episode_length":10,"_step":121}