{"return_agent_2":-0.009615384973585606,"mean_reward_agent_0":0.001953125,"return":-0.009615384973585606,"actor_loss":-22.645965576171875,"state_mse":0.043318070471286774,"episode_length":10,"return_agent_1":-0.009615384973585606,"grad_norm_critic":0.2980411648750305,"total_loss":-35.690582275390625,"_runtime":105,"value_loss":0.8535516262054443,"_wandb":{"runtime":105},"mean_reward_per_step":0.0007812500116415322,"mean_reward_agent_1":0,"update_step":121,"approx_kl":0.000931311515159905,"mean_reward_agent_4":0.001953125,"return_agent_0":-0.009615384973585606,"_timestamp":1.7799045041345456e+09,"entropy":1394.148681640625,"grad_norm_actor":323.29327392578125,"env_step":991232,"return_agent_3":-0.009615384973585606,"return_agent_4":-0.009615384973585606,"_step":121,"num_episodes_completed":832,"mean_reward_agent_2":0,"mean_reward_agent_3":0}