{"_step":9986048,"_timestamp":1.7807807347182744e+09,"_wandb":{"runtime":241},"_runtime":241.546566287,"env_step":9.986048e+06,"ratio_0":1.0000014305114746,"entropy":0.3041943907737732,"total_loss":4.8288820835296065e-05,"clip_frac":0,"value_loss":5.760810381616466e-05,"win_rate":1,"returns":1.999999761581421,"approx_kl":7.410736770907533e-07,"actor_loss":-9.319279342889786e-06,"ratio":1.0000035762786865}