{"grad_norm_actor":0.005068390164524317,"mean_reward_agent_2":0,"mean_reward_agent_0":0.7861328125,"total_loss":-1833.736572265625,"grad_norm_critic":0.05409194901585579,"mean_reward_per_step":0.39306640625,"_timestamp":1.779902896244643e+09,"update_step":121,"_wandb":{"runtime":100},"episode_length":10,"return_agent_3":7.903846263885498,"_step":121,"return_agent_2":7.903846263885498,"mean_reward_agent_3":0.7861328125,"return_agent_0":7.903846263885498,"actor_loss":-1836.47265625,"entropy":0.0048551918007433414,"state_mse":0.0016450632829219103,"return_agent_1":7.903846263885498,"_runtime":100,"mean_reward_agent_1":0,"value_loss":2.7343661785125732,"approx_kl":1.575119313201867e-05,"num_episodes_completed":832,"return":7.903846263885498,"env_step":991232}