{"update_step":121,"mean_reward_per_step":0.6004232168197632,"return_agent_1":9.024039268493652,"mean_reward_agent_1":0,"mean_reward_agent_0":0.900634765625,"_step":121,"mean_reward_agent_2":0.900634765625,"state_mse":0.001156429061666131,"return_agent_2":9.024039268493652,"num_episodes_completed":832,"grad_norm_critic":0.10814132541418076,"episode_length":10,"value_loss":2.651033639907837,"return_agent_0":9.024039268493652,"total_loss":-1304.5283203125,"_timestamp":1.779902790935921e+09,"_runtime":96,"entropy":0.006682505831122398,"return":9.024039268493652,"grad_norm_actor":0.008155704475939274,"actor_loss":-1307.180419921875,"approx_kl":1.3089274943922646e-05,"_wandb":{"runtime":96},"env_step":991232}