{"_runtime":81.466606586,"update_step":1219,"grad_norm_actor":0.3941771686077118,"return_team_agents":-6.058963775634766,"episode_length":26,"return":-26.011882781982422,"approx_kl":0.0066748871468007565,"_wandb":{"runtime":81},"total_loss":0.4605295658111572,"actor_loss":-0.009274742566049099,"_timestamp":1.7810931372511275e+09,"mean_reward_per_step":-0.3148820400238037,"env_step":9986048,"num_episodes_completed":384,"entropy":0.6883639097213745,"episode_length_team_agents":20.666667938232422,"grad_norm_critic":0.7806923389434814,"_step":1219,"value_loss":0.4766879975795746}