{"win_rate":0.8247422575950623,"clip_frac":0,"_runtime":240.717508278,"value_loss":0.0022256483789533377,"ratio":0.9999996423721313,"actor_loss":-9.611734640202485e-06,"total_loss":0.0022160366643220186,"returns":1.804714560508728,"ratio_0":1.0000145435333252,"env_step":9.986048e+06,"_wandb":{"runtime":240},"approx_kl":3.3082721984101227e-07,"_timestamp":1.7809206019923716e+09,"_step":9986048,"entropy":0.36024388670921326}