{"env_step":9.986048e+06,"ratio_0":1.0000059604644775,"approx_kl":4.517318359376077e-07,"_timestamp":1.78078045568653e+09,"entropy":0.42769572138786316,"_wandb":{"runtime":239},"returns":1.999999761581421,"_runtime":239.700402905,"actor_loss":-9.068443432624917e-06,"total_loss":5.816463817609474e-05,"_step":9986048,"value_loss":6.723308615619317e-05,"win_rate":1,"clip_frac":0,"ratio":1.0000011920928955}