{"grad_norm_critic":0.992909848690033,"_runtime":268.771667623,"grad_norm_actor":0.48429128527641296,"num_episodes_completed":384,"_timestamp":1.7811030723902555e+09,"actor_loss":-0.0045624058693647385,"update_step":1219,"entropy":0.7830159068107605,"return":-28.561315536499023,"episode_length":26,"_step":1219,"value_loss":0.2706383466720581,"mean_reward_per_step":-0.3541410565376282,"_wandb":{"runtime":268},"env_step":9986048,"total_loss":0.2582457959651947,"approx_kl":0.008804963901638985}