{"_step":9986048,"total_loss":0.016452841460704803,"env_step":9.986048e+06,"_runtime":338.383340649,"actor_loss":-4.187721060588956e-06,"returns":1.7603466510772705,"ratio":1.000002384185791,"_timestamp":1.7810842560754619e+09,"clip_frac":0,"_wandb":{"runtime":338},"approx_kl":5.00061787533923e-07,"ratio_0":0.9999943971633911,"entropy":0.26465022563934326,"win_rate":0.7878151535987854,"value_loss":0.016457028687000275}