{"actor_grad_norm":0.6478908061981201,"critic_grad_norm":0.5323895215988159,"_runtime":1850.883523927,"silence_rate":1,"approx_kl":5.533046987693524e-06,"ratio_0":0.9999884963035583,"env_step":9.986048e+06,"actor_loss":0.0018522408790886402,"entropy":0.8139047622680664,"_wandb":{"runtime":1850},"value_loss":0.10203103721141815,"_timestamp":1.781472239811393e+09,"msg_len":0,"gumbel_tau":1,"ratio":0.9999788999557495,"expected_msg_len":1.0000001192092896,"token_entropy":0,"total_loss":0.10388326644897461,"returns":-30.04024887084961,"_step":9986048,"comm_ctx_norm":0,"clip_frac":0}