{"ratio_0":1,"approx_kl":3.254185969581158e-07,"value_loss":0.6100025773048401,"ratio":0.9999998807907104,"clip_frac":0,"entropy":0.9295026063919067,"env_step":9.986048e+06,"_wandb":{"runtime":277},"total_loss":0.6006943583488464,"_runtime":277.911328351,"_step":9986048,"actor_loss":-0.009308218024671078,"returns":-61.58071517944336,"_timestamp":1.7811096514537826e+09}