{"ratio_0":1,"_wandb":{"runtime":190},"total_loss":0.0003534997522365302,"_timestamp":1.780914831494247e+09,"win_rate":0.9801980257034302,"actor_loss":-8.727385647944175e-06,"clip_frac":0,"entropy":0.35116952657699585,"approx_kl":2.4531212261535984e-07,"returns":1.9793132543563843,"ratio":0.9999979734420776,"value_loss":0.0003622271469794214,"_step":9986048,"_runtime":190.110366212,"env_step":9.986048e+06}