{"mean_reward_agent_0":0.681396484375,"grad_norm_actor":0.007299487013369799,"return_agent_3":6.87740421295166,"mean_reward_agent_1":0,"mean_reward_per_step":0.2725585997104645,"mean_reward_agent_3":0,"grad_norm_critic":0.17143785953521729,"value_loss":2.381765365600586,"return_agent_2":6.87740421295166,"return_agent_4":6.87740421295166,"total_loss":-2191.347900390625,"episode_length":10,"actor_loss":-2193.731689453125,"_wandb":{"runtime":110},"mean_reward_agent_2":0,"return_agent_1":6.87740421295166,"state_mse":0.002130917739123106,"return_agent_0":6.87740421295166,"approx_kl":1.9093822629656643e-05,"entropy":0.004275873769074678,"_timestamp":1.7799015163970966e+09,"update_step":121,"return":6.87740421295166,"num_episodes_completed":832,"env_step":991232,"_step":121,"_runtime":110,"mean_reward_agent_4":0.681396484375}