{"return_agent_2":2.867788553237915,"return_agent_4":2.867788553237915,"_runtime":105,"approx_kl":0.20804280042648315,"return_agent_0":2.867788553237915,"_step":121,"_wandb":{"runtime":105},"_timestamp":1.7799045041339116e+09,"return_agent_1":2.867788553237915,"mean_reward_agent_1":0,"grad_norm_actor":1783.3460693359375,"mean_reward_agent_0":0.275146484375,"grad_norm_critic":0.3610013425350189,"actor_loss":-1005.0264892578125,"return":2.867788553237915,"value_loss":1.971139669418335,"mean_reward_agent_2":0,"update_step":121,"env_step":991232,"entropy":224.2049560546875,"return_agent_3":2.867788553237915,"mean_reward_agent_4":0.275146484375,"num_episodes_completed":832,"mean_reward_agent_3":0,"total_loss":-1005.1820678710938,"mean_reward_per_step":0.11005859822034836,"episode_length":10,"state_mse":0.11536421626806259}