{"return_agent_2":-0.1875,"mean_reward_agent_0":-0.012451171875,"grad_norm_actor":773.0719604492188,"value_loss":0.583134114742279,"entropy":1362.94921875,"env_step":991232,"return_agent_6":-0.1875,"return_agent_1":-0.1875,"total_loss":99.095947265625,"update_step":121,"approx_kl":0.0010384873021394014,"return_agent_0":-0.1875,"state_mse":0.1806970089673996,"mean_reward_agent_4":0,"return_agent_5":-0.1875,"mean_reward_agent_3":0,"mean_reward_agent_1":0,"mean_reward_agent_7":-0.012451171875,"return_agent_7":-0.1875,"_wandb":{"runtime":127},"grad_norm_critic":0.26897260546684265,"actor_loss":111.96160125732422,"_runtime":127,"num_episodes_completed":832,"return_agent_4":-0.1875,"_step":121,"episode_length":10,"mean_reward_agent_2":0,"mean_reward_per_step":-0.00311279296875,"mean_reward_agent_6":0,"mean_reward_agent_5":0,"return_agent_3":-0.1875,"return":-0.1875,"_timestamp":1.7799018954509466e+09}