{"actor_loss":-1.3854587450623512e-06,"clip_frac":0,"total_loss":0.012991752475500107,"_runtime":275.451258462,"_wandb":{"runtime":275},"value_loss":0.012993138283491135,"entropy":0.2298296093940735,"ratio_0":1,"_timestamp":1.7809347911735675e+09,"ratio":0.9999998211860657,"_step":9986048,"env_step":9.986048e+06,"returns":1.812584638595581,"approx_kl":1.7575192856611466e-08,"win_rate":0.8329571485519409}