{"clip_frac":0,"entropy":0.24712271988391876,"_step":9986048,"_wandb":{"runtime":195},"env_step":9.986048e+06,"approx_kl":3.18242854291384e-07,"total_loss":0.004563960712403059,"returns":1.3152233362197876,"win_rate":0.3956044018268585,"actor_loss":-1.4642991118307691e-05,"ratio_0":1,"_runtime":195.700265391,"value_loss":0.004578603897243738,"ratio":0.9999972581863403,"_timestamp":1.7809139428221738e+09}