{"_step":9986048,"env_step":9.986048e+06,"entropy":0.32971546053886414,"actor_loss":-9.087962098419666e-07,"_wandb":{"runtime":343},"clip_frac":0,"ratio_0":1.0000033378601074,"total_loss":0.013928350061178207,"value_loss":0.013929259032011032,"_runtime":343.610944807,"_timestamp":1.7809383225803216e+09,"ratio":1.0000033378601074,"win_rate":0.8230088353157043,"returns":1.7959070205688477,"approx_kl":2.2306470270905265e-07}