{"mean_reward_agent_5":0,"_wandb":{"runtime":124},"episode_length":10,"mean_reward_agent_6":0,"mean_reward_agent_0":-0.017578125,"grad_norm_actor":377.92510986328125,"return":-0.12019231170415878,"return_agent_0":-0.12019231170415878,"return_agent_9":-0.12019231170415878,"return_agent_2":-0.12019231170415878,"mean_reward_agent_4":0,"return_agent_6":-0.12019231170415878,"entropy":1340.38720703125,"mean_reward_agent_7":0,"actor_loss":151.12649536132812,"grad_norm_critic":0.19932681322097778,"total_loss":138.28292846679688,"return_agent_1":-0.12019231170415878,"_timestamp":1.7798954879643605e+09,"_step":121,"return_agent_8":-0.12019231170415878,"mean_reward_agent_8":0,"return_agent_3":-0.12019231170415878,"mean_reward_agent_3":0,"mean_reward_per_step":-0.003515625139698386,"value_loss":0.5602989196777344,"num_episodes_completed":832,"update_step":121,"env_step":991232,"return_agent_4":-0.12019231170415878,"return_agent_7":-0.12019231170415878,"mean_reward_agent_2":0,"approx_kl":0.0016549862921237946,"mean_reward_agent_1":0,"return_agent_5":-0.12019231170415878,"mean_reward_agent_9":-0.017578125,"_runtime":124}