{"_runtime":87,"actor_loss":-1307.3565673828125,"mean_reward_agent_1":0,"approx_kl":3.387976619251276e-07,"entropy":0.007379310205578804,"value_loss":2.642127513885498,"return":8.959135055541992,"mean_reward_agent_2":0.893798828125,"return_agent_2":8.959135055541992,"return_agent_0":8.959135055541992,"total_loss":-1304.7144775390625,"num_episodes_completed":832,"update_step":121,"_timestamp":1.779894691455856e+09,"mean_reward_per_step":0.5958659052848816,"_step":121,"return_agent_1":8.959135055541992,"episode_length":10,"_wandb":{"runtime":87},"mean_reward_agent_0":0.893798828125,"env_step":991232}