{"approx_kl":0.004467931110411882,"_runtime":50.118805239,"value_loss":0.5703622698783875,"comm_ctx_norm":0.003599796211346984,"_timestamp":1.7814638599649963e+09,"token_entropy":0.1119849681854248,"actor_grad_norm":0.12984858453273773,"clip_frac":0.0370992012321949,"critic_grad_norm":4.206013202667236,"ratio":1.0000197887420654,"rollout/0pct":{"size":55710,"path":"media/videos/rollout/0pct_0_7bc6c6ebaf1bff7414ed.gif","_type":"video-file","sha256":"7bc6c6ebaf1bff7414ed74a206aef14805b53e465988d7d14ece4e4e8a7bd3c2"},"entropy":1.3691444396972656,"expected_msg_len":1.0001888275146484,"gumbel_tau":1,"env_step":262144,"returns":-59.25080108642578,"_step":262144,"_wandb":{"runtime":50},"msg_len":0.00014241537428461015,"total_loss":0.5643686056137085,"actor_loss":-0.00599364098161459,"silence_rate":0.9998575448989868,"ratio_0":0.9999901056289673}