{"returns":1.6844512224197388,"_runtime":344.447183875,"_timestamp":1.7809375437802787e+09,"_step":9986048,"ratio":0.9999954104423523,"approx_kl":2.3344051669482724e-07,"value_loss":0.018031060695648193,"_wandb":{"runtime":344},"env_step":9.986048e+06,"ratio_0":0.9999972581863403,"win_rate":0.7292683124542236,"clip_frac":0,"entropy":0.23345448076725006,"actor_loss":-7.239694241434336e-06,"total_loss":0.018023820593953133}