{"clip_frac":0,"total_loss":0.00029020931106060743,"value_loss":0.00029850497958250344,"_wandb":{"runtime":190},"_runtime":190.772951799,"_step":9986048,"env_step":9.986048e+06,"win_rate":0.9897959232330322,"entropy":0.32774609327316284,"actor_loss":-8.295697625726461e-06,"ratio_0":1,"returns":1.9838364124298096,"_timestamp":1.7809146108617961e+09,"approx_kl":1.3534189235997474e-07,"ratio":0.9999991655349731}