{"entropy":0.005894132424145937,"approx_kl":6.083766379560984e-07,"return":6.07932710647583,"_runtime":98,"update_step":121,"mean_reward_per_step":0.2001953125,"value_loss":1.9623470306396484,"episode_length":10,"return_agent_4":6.07932710647583,"total_loss":-2456.3759765625,"return_agent_1":6.07932710647583,"_timestamp":1.7798927501936715e+09,"return_agent_0":6.07932710647583,"mean_reward_agent_2":0,"mean_reward_agent_0":0.6005859375,"return_agent_2":6.07932710647583,"mean_reward_agent_3":0,"_wandb":{"runtime":98},"return_agent_3":6.07932710647583,"num_episodes_completed":832,"env_step":991232,"mean_reward_agent_1":0,"mean_reward_agent_4":0,"return_agent_5":6.07932710647583,"actor_loss":-2458.338134765625,"mean_reward_agent_5":0.6005859375,"_step":121}