{"actor_grad_norm":0.4622684419155121,"critic_grad_norm":1.0077519416809082,"total_loss":0.2000155746936798,"comm_ctx_norm":0,"approx_kl":3.620070401666453e-06,"returns":-36.13038635253906,"token_entropy":0,"_wandb":{"runtime":1858},"value_loss":0.1987624317407608,"_timestamp":1.7814702502418573e+09,"gumbel_tau":1,"ratio":1.0000319480895996,"msg_len":0,"silence_rate":1,"env_step":9.986048e+06,"ratio_0":1.0000309944152832,"_runtime":1858.139466372,"expected_msg_len":1,"_step":9986048,"entropy":0.8723410367965698,"clip_frac":0,"actor_loss":0.0012531469110399485}