{"_wandb":{"runtime":217},"entropy":0.4064812660217285,"env_step":9.986048e+06,"_step":9986048,"actor_loss":-1.3929325177741703e-06,"ratio":0.9999982714653015,"ratio_0":1,"total_loss":0.0001202915736939758,"returns":2,"value_loss":0.00012168451212346554,"approx_kl":8.589773869971395e-08,"clip_frac":0,"win_rate":1,"_runtime":217.56200926100001,"_timestamp":1.7809231445306888e+09}