{"ratio_0":1,"actor_loss":-2.8454933271859773e-06,"value_loss":0.0002924103173427284,"_runtime":216.125208,"_step":9986048,"_timestamp":1.7809233908961275e+09,"clip_frac":0,"entropy":0.39267757534980774,"returns":1.9868134260177612,"ratio":1.000002145767212,"approx_kl":6.211589465010547e-08,"win_rate":0.9876543283462524,"_wandb":{"runtime":216},"env_step":9.986048e+06,"total_loss":0.00028956480673514307}