{"return_agent_4":-0.3149038553237915,"return_agent_2":-0.3149038553237915,"entropy":1372.675537109375,"approx_kl":0.008554746396839619,"mean_reward_agent_3":0,"mean_reward_per_step":-0.0060058594681322575,"mean_reward_agent_6":0,"total_loss":154.42752075195312,"return_agent_3":-0.3149038553237915,"_step":121,"return_agent_1":-0.3149038553237915,"return_agent_5":-0.3149038553237915,"return_agent_0":-0.3149038553237915,"return_agent_8":-0.3149038553237915,"_timestamp":1.7799021784571562e+09,"mean_reward_agent_2":0,"actor_loss":167.4618682861328,"return_agent_6":-0.3149038553237915,"_runtime":135,"mean_reward_agent_8":0,"return_agent_9":-0.3149038553237915,"return_agent_7":-0.3149038553237915,"episode_length":10,"mean_reward_agent_4":0,"grad_norm_actor":1489.9591064453125,"mean_reward_agent_1":0,"num_episodes_completed":832,"value_loss":0.5113435387611389,"mean_reward_agent_5":0,"state_mse":0.1810416579246521,"mean_reward_agent_9":-0.030029296875,"update_step":121,"grad_norm_critic":0.1819988340139389,"_wandb":{"runtime":135},"mean_reward_agent_0":-0.030029296875,"mean_reward_agent_7":0,"env_step":991232,"return":-0.3149038553237915}