{"clip_frac":0,"ratio":0.9999924898147583,"win_rate":0.9560439586639404,"returns":1.9473258256912231,"_step":9986048,"env_step":9.986048e+06,"_wandb":{"runtime":191},"_runtime":191.399328761,"actor_loss":-1.1199270375072956e-05,"value_loss":0.0006760185351595283,"total_loss":0.0006648192065767944,"_timestamp":1.7809118978337393e+09,"ratio_0":1,"approx_kl":3.6910125800204696e-07,"entropy":0.18630674481391907}