{"_wandb":{"runtime":242},"_runtime":242.046011912,"_timestamp":1.7809211659842222e+09,"total_loss":0.000204870302695781,"env_step":9.986048e+06,"entropy":0.40684670209884644,"win_rate":0.9795918464660645,"clip_frac":0,"value_loss":0.00021288334392011166,"_step":9986048,"returns":1.9774419069290161,"ratio_0":0.999999463558197,"ratio":1.000004768371582,"actor_loss":-8.013061233214103e-06,"approx_kl":3.7596669244521763e-07}