{"_step":1,"test":2,"_timestamp":1.7552664402079635e+09,"_wandb":{"runtime":0},"_runtime":0.567888143}