{"ratio_0":1.0000059604644775,"entropy":0.2704351246356964,"win_rate":0.9894737005233765,"clip_frac":0,"env_step":9.986048e+06,"approx_kl":3.517948528042325e-07,"value_loss":0.0006732068723067641,"_runtime":246.311947629,"_wandb":{"runtime":246},"_step":9986048,"returns":1.987087607383728,"_timestamp":1.7809208860378292e+09,"total_loss":0.0006648963317275047,"ratio":1.000002384185791,"actor_loss":-8.310540579259396e-06}