{"return_agent_1":0.024038461968302727,"approx_kl":0.00013967181439511478,"episode_length":10,"return_agent_4":0.024038461968302727,"num_episodes_completed":832,"_wandb":{"runtime":121},"mean_reward_agent_0":-0.00341796875,"mean_reward_agent_4":0,"return_agent_0":0.024038461968302727,"mean_reward_agent_1":0,"env_step":991232,"mean_reward_agent_3":0,"_step":121,"return_agent_2":0.024038461968302727,"_timestamp":1.7799032559628825e+09,"_runtime":121,"entropy":1220.1376953125,"total_loss":28.296428680419922,"update_step":121,"mean_reward_agent_5":0,"state_mse":0.02513773925602436,"grad_norm_critic":1.1432617902755737,"return_agent_3":0.024038461968302727,"return_agent_5":0.024038461968302727,"mean_reward_agent_2":0,"grad_norm_actor":316.1980895996094,"actor_loss":39.52140426635742,"mean_reward_per_step":-0.0009765625,"return":0.024038461968302727,"mean_reward_agent_6":-0.00341796875,"value_loss":0.9512643218040466,"return_agent_6":0.024038461968302727}