{"_wandb":{"runtime":343},"approx_kl":4.913062525702117e-07,"total_loss":0.021962959319353104,"ratio_0":1.0000041723251343,"actor_loss":-2.125510945916176e-06,"clip_frac":0,"_timestamp":1.7809371538401148e+09,"_runtime":343.292716284,"returns":1.3539772033691406,"entropy":0.26056042313575745,"ratio":1.0000016689300537,"env_step":9.986048e+06,"value_loss":0.021965084597468376,"_step":9986048,"win_rate":0.44949495792388916}