{"total_loss":6.62216916680336e-05,"entropy":0.33597737550735474,"value_loss":7.730194920441136e-05,"_wandb":{"runtime":241},"env_step":9.986048e+06,"_step":9986048,"_runtime":241.487846138,"_timestamp":1.7807807347168005e+09,"ratio_0":1.0000159740447998,"clip_frac":0,"ratio":1.0000100135803223,"win_rate":1,"approx_kl":3.997182886905648e-07,"returns":1.9999996423721313,"actor_loss":-1.1080255717388354e-05}