{"grad_norm_actor":0.4041818082332611,"actor_loss":-0.03243449702858925,"episode_length":26,"_runtime":990.744136067,"total_loss":1.014215111732483,"update_step":1219,"return":-47.111083984375,"env_step":9986048,"_wandb":{"runtime":990},"_timestamp":1.7810983451376052e+09,"entropy":0.6607555747032166,"approx_kl":0.06899085640907288,"grad_norm_critic":1.0426005125045776,"value_loss":1.0532572269439697,"mean_reward_per_step":-0.5964419841766357,"num_episodes_completed":384,"_step":1219}