{"_step":121,"state_mse":0.02313748188316822,"_wandb":{"runtime":109},"return_agent_4":-0.42067310214042664,"return_agent_5":-0.42067310214042664,"grad_norm_critic":0.18274259567260742,"env_step":991232,"_timestamp":1.779904618127221e+09,"episode_length":10,"return":-0.42067310214042664,"mean_reward_per_step":-0.01155599020421505,"return_agent_0":-0.42067310214042664,"value_loss":1.6051478385925293,"num_episodes_completed":832,"mean_reward_agent_3":0,"return_agent_2":-0.42067310214042664,"update_step":121,"mean_reward_agent_1":0,"mean_reward_agent_4":0,"return_agent_1":-0.42067310214042664,"entropy":944.56005859375,"total_loss":124.85002136230469,"mean_reward_agent_5":-0.03466796875,"approx_kl":0.002618975704535842,"mean_reward_agent_2":0,"grad_norm_actor":328.8111572265625,"_runtime":109,"actor_loss":132.66732788085938,"return_agent_3":-0.42067310214042664,"mean_reward_agent_0":-0.03466796875}