{"return_agent_0":-0.11538462340831757,"return_agent_5":-0.11538462340831757,"return_agent_6":-0.11538462340831757,"mean_reward_per_step":-0.0037434895057231188,"mean_reward_agent_7":0,"return_agent_3":-0.11538462340831757,"return_agent_1":-0.11538462340831757,"grad_norm_critic":0.10478455573320389,"_wandb":{"runtime":135},"mean_reward_agent_1":0,"actor_loss":64.43925476074219,"total_loss":51.7867431640625,"grad_norm_actor":372.8628845214844,"return":-0.11538462340831757,"mean_reward_agent_8":-0.016845703125,"return_agent_2":-0.11538462340831757,"env_step":991232,"approx_kl":0.00047556482604704797,"update_step":121,"mean_reward_agent_6":0,"mean_reward_agent_2":0,"return_agent_7":-0.11538462340831757,"mean_reward_agent_5":0,"mean_reward_agent_3":0,"num_episodes_completed":832,"mean_reward_agent_4":0,"state_mse":0.03217492625117302,"return_agent_4":-0.11538462340831757,"entropy":1320.098876953125,"_runtime":135,"_step":121,"mean_reward_agent_0":-0.016845703125,"return_agent_8":-0.11538462340831757,"episode_length":10,"_timestamp":1.779903529891303e+09,"value_loss":0.5163097381591797}