{"mean_reward_per_step":-0.00531684048473835,"return_agent_1":-0.19711539149284363,"return_agent_4":-0.19711539149284363,"entropy":561.2367553710938,"approx_kl":0.00025436229771003127,"_timestamp":1.7798930861203911e+09,"actor_loss":92.08380889892578,"episode_length":10,"total_loss":88.16940307617188,"mean_reward_agent_3":0,"mean_reward_agent_1":0,"return":-0.19711539149284363,"mean_reward_agent_2":0,"return_agent_0":-0.19711539149284363,"mean_reward_agent_0":-0.02392578125,"_wandb":{"runtime":114},"_runtime":114,"mean_reward_agent_8":-0.02392578125,"mean_reward_agent_4":0,"_step":121,"return_agent_2":-0.19711539149284363,"env_step":991232,"value_loss":1.6979687213897705,"mean_reward_agent_7":0,"num_episodes_completed":832,"mean_reward_agent_5":0,"return_agent_5":-0.19711539149284363,"return_agent_8":-0.19711539149284363,"return_agent_7":-0.19711539149284363,"return_agent_3":-0.19711539149284363,"update_step":121,"mean_reward_agent_6":0,"return_agent_6":-0.19711539149284363}