{"returns":1.5987411737442017,"entropy":0.31454184651374817,"_runtime":336.12922645,"clip_frac":0,"ratio":0.9999999403953552,"_wandb":{"runtime":336},"_timestamp":1.7810834916943696e+09,"value_loss":0.020060665905475616,"actor_loss":-5.058420356363058e-06,"win_rate":0.6546762585639954,"ratio_0":0.999999463558197,"env_step":9.986048e+06,"approx_kl":2.3649917579859903e-07,"_step":9986048,"total_loss":0.020055606961250305}