{"update_step":1219,"return":-29.858673095703125,"mean_reward_per_step":-0.36482226848602295,"_step":1219,"episode_length":26,"value_loss":0.28115910291671753,"grad_norm_actor":0.4244341552257538,"_wandb":{"runtime":1109},"actor_loss":-0.025201458483934402,"entropy":0.45269280672073364,"approx_kl":0.058762501925230026,"_runtime":1109.006826005,"env_step":9986048,"_timestamp":1.7811015428536096e+09,"num_episodes_completed":384,"total_loss":0.25143080949783325,"grad_norm_critic":0.3753991425037384}