{"update_step":121,"mean_reward_agent_4":0,"mean_reward_agent_3":0,"_runtime":138,"value_loss":0.5646929740905762,"return_agent_6":0.07692307978868484,"env_step":991232,"return_agent_3":0.07692307978868484,"return_agent_1":0.07692307978868484,"mean_reward_agent_7":0,"grad_norm_actor":534.0383911132812,"mean_reward_agent_5":0,"return_agent_7":0.07692307978868484,"_timestamp":1.7799020385460117e+09,"_step":121,"return_agent_2":0.07692307978868484,"state_mse":0.234844371676445,"num_episodes_completed":832,"grad_norm_critic":0.2560206651687622,"mean_reward_per_step":0.0017361111240461469,"mean_reward_agent_0":0.0078125,"mean_reward_agent_8":0.0078125,"return_agent_0":0.07692307978868484,"episode_length":10,"_wandb":{"runtime":138},"total_loss":-80.34476470947266,"return_agent_4":0.07692307978868484,"mean_reward_agent_2":0,"entropy":1264.4349365234375,"mean_reward_agent_1":0,"return":0.07692307978868484,"actor_loss":-68.49995422363281,"return_agent_8":0.07692307978868484,"approx_kl":0.00016899332695174962,"return_agent_5":0.07692307978868484,"mean_reward_agent_6":0}