{"mean_reward_per_step":-0.315097451210022,"grad_norm_critic":0.8014965057373047,"_step":1219,"entropy":0.6968963146209717,"_timestamp":1.7810930355494616e+09,"episode_length":26,"total_loss":0.42728933691978455,"actor_loss":-0.007942305877804756,"update_step":1219,"value_loss":0.442200630903244,"env_step":9986048,"num_episodes_completed":384,"grad_norm_actor":0.464616596698761,"_wandb":{"runtime":81},"return":-26.0294246673584,"return_team_agents":-6.06378698348999,"approx_kl":0.007119946181774139,"episode_length_team_agents":20.666667938232422,"_runtime":81.101109953}