{"total_loss":8.248013496398926,"_runtime":80.813298632,"_step":1219,"approx_kl":0.0032922965474426746,"entropy":0.6312413215637207,"mean_reward_per_step":-0.9165976047515869,"value_loss":8.258264541625977,"_timestamp":1.7810924259777603e+09,"num_episodes_completed":384,"return_team_agents":-18.9184513092041,"update_step":1219,"_wandb":{"runtime":80},"episode_length_team_agents":20.666667938232422,"episode_length":26,"actor_loss":-0.003938434645533562,"grad_norm_critic":8.576559066772461,"return":-72.1116943359375,"grad_norm_actor":0.30029335618019104,"env_step":9986048}