{"env_step":991232,"_runtime":97,"state_mse":0.08203516155481339,"actor_loss":-1696.2901611328125,"_timestamp":1.7799043937046616e+09,"return":5.560096263885498,"return_agent_0":5.560096263885498,"_step":121,"return_agent_3":5.560096263885498,"approx_kl":0.015125583857297897,"entropy":179.02626037597656,"return_agent_1":5.560096263885498,"value_loss":2.033130645751953,"mean_reward_agent_0":0.54638671875,"update_step":121,"_wandb":{"runtime":97},"mean_reward_agent_1":0,"mean_reward_per_step":0.273193359375,"mean_reward_agent_3":0.54638671875,"total_loss":-1695.9652099609375,"mean_reward_agent_2":0,"return_agent_2":5.560096263885498,"num_episodes_completed":832,"grad_norm_critic":1.3746533393859863,"grad_norm_actor":6032.30126953125,"episode_length":10}