{"msg_len":8.898762702941895,"env_step":9.986048e+06,"entropy":0.8365151286125183,"actor_loss":-0.008143294602632523,"_runtime":5433.263287807,"actor_grad_norm":0.3563683032989502,"silence_rate":0.046875,"gumbel_tau":1,"ratio_0":0.9999161958694458,"value_loss":0.42961394786834717,"critic_grad_norm":2.262085199356079,"ratio":0.9998972415924072,"_timestamp":1.7814930959158232e+09,"_step":9986048,"comm_ctx_norm":3.1613619327545166,"clip_frac":0.004516602028161287,"token_entropy":1.7379463911056519,"total_loss":0.42147067189216614,"expected_msg_len":9.500988006591797,"_wandb":{"runtime":5433},"returns":-49.36821746826172,"approx_kl":0.000399169628508389}