{"gumbel_tau":1,"critic_grad_norm":2.5871644020080566,"returns":-61.66583251953125,"entropy":0.9792269468307495,"_wandb":{"runtime":513},"clip_frac":0,"comm_ctx_norm":2.139054536819458,"_step":9986048,"_runtime":513.25554341,"token_entropy":0,"approx_kl":3.5669802400661865e-07,"ratio_0":1.0000003576278687,"total_loss":0.5343716740608215,"expected_msg_len":1,"msg_len":0.953125,"_timestamp":1.781529407894721e+09,"env_step":9.986048e+06,"value_loss":0.5441772937774658,"ratio":0.9999987483024597,"actor_grad_norm":0.1973920315504074,"actor_loss":-0.009805613197386265,"silence_rate":0.046875}