{"actor_loss":-0.028093699365854263,"_wandb":{"runtime":997},"_runtime":997.358252768,"grad_norm_critic":1.7253223657608032,"mean_reward_per_step":-0.8063811659812927,"_step":1219,"return":-63.920570373535156,"update_step":1219,"num_episodes_completed":384,"env_step":9986048,"episode_length":26,"approx_kl":0.04370922967791557,"grad_norm_actor":0.4501977860927582,"value_loss":1.2178655862808228,"_timestamp":1.7810962965149941e+09,"total_loss":1.1833558082580566,"entropy":0.6416513919830322}