{"_timestamp":1.7798983035302222e+09,"grad_norm_actor":372.9384765625,"value_loss":0.5929555892944336,"mean_reward_agent_1":0,"mean_reward_per_step":-0.0018833705689758062,"return_agent_3":-0.07211538404226303,"_step":121,"approx_kl":9.880104335024953e-05,"return_agent_2":-0.07211538404226303,"return_agent_6":-0.07211538404226303,"return_agent_0":-0.07211538404226303,"return":-0.07211538404226303,"_runtime":122,"state_mse":0.013646869920194149,"_wandb":{"runtime":122},"update_step":121,"mean_reward_agent_6":-0.006591796875,"num_episodes_completed":832,"entropy":1407.89208984375,"return_agent_1":-0.07211538404226303,"grad_norm_critic":0.21968957781791687,"return_agent_5":-0.07211538404226303,"total_loss":62.21211242675781,"actor_loss":75.68443298339844,"mean_reward_agent_0":-0.006591796875,"mean_reward_agent_4":0,"mean_reward_agent_3":0,"episode_length":10,"env_step":991232,"return_agent_4":-0.07211538404226303,"mean_reward_agent_5":0,"mean_reward_agent_2":0}