{"return_agent_9":-0.03125,"actor_loss":-8.979894638061523,"mean_reward_agent_4":0,"state_mse":0.025453075766563416,"return_agent_5":-0.03125,"_wandb":{"runtime":138},"mean_reward_agent_7":0,"_runtime":138,"grad_norm_critic":0.17112715542316437,"num_episodes_completed":832,"return_agent_1":-0.03125,"total_loss":-20.523094177246094,"mean_reward_agent_3":0,"return_agent_3":-0.03125,"grad_norm_actor":353.9710693359375,"mean_reward_agent_0":-0.003662109375,"entropy":1220.6202392578125,"episode_length":10,"return_agent_0":-0.03125,"mean_reward_agent_8":0,"env_step":991232,"update_step":121,"return_agent_8":-0.03125,"return":-0.03125,"return_agent_7":-0.03125,"return_agent_2":-0.03125,"return_agent_4":-0.03125,"mean_reward_agent_5":0,"mean_reward_agent_2":0,"value_loss":0.6375479102134705,"return_agent_6":-0.03125,"_timestamp":1.7799036731291132e+09,"mean_reward_agent_9":-0.003662109375,"mean_reward_agent_6":0,"_step":121,"mean_reward_agent_1":0,"approx_kl":0.00012641758075915277,"mean_reward_per_step":-0.000732421875}