{"approx_kl":3.4506132351452834e-07,"win_rate":0.9931034445762634,"ratio_0":0.9999973177909851,"actor_loss":4.361849903489201e-07,"_runtime":273.991931355,"total_loss":0.0003326433652546257,"clip_frac":0,"returns":1.9929569959640503,"ratio":1.000003457069397,"env_step":9.986048e+06,"_wandb":{"runtime":273},"_step":9986048,"_timestamp":1.780927763947147e+09,"entropy":0.43703946471214294,"value_loss":0.0003322071861475706}