{"grad_norm_actor":0.10466402769088745,"env_step":3375104,"_wandb":{"runtime":325},"actor_loss":-0.005672264378517866,"num_episodes_completed":256,"_step":412,"entropy":1.2986901998519897,"value_loss":1.338751196861267,"mean_reward_per_step":-1.0124971866607666,"rollout/0pct":{"size":205928,"path":"media/videos/rollout/0pct_0_6717db2baf9122d791e9.gif","_type":"video-file","sha256":"6717db2baf9122d791e96bbbc9c1d6e5aa0ee59e64013f865a50a55a58f8d853"},"update_step":412,"rollout/33pct":{"_type":"video-file","sha256":"3214623660b773160928bf7639294aaece8e82bdb1723c7575c2dff60eb2dd07","size":175611,"path":"media/videos/rollout/33pct_402_3214623660b773160928.gif"},"return":-78.54961395263672,"total_loss":1.3200920820236206,"_timestamp":1.7811027422664087e+09,"grad_norm_critic":2.6114540100097656,"_runtime":325.226705129,"episode_length":26,"approx_kl":0.024564530700445175}