{"env_step":9.986048e+06,"returns":1.9999998807907104,"ratio_0":1,"ratio":1.0000014305114746,"entropy":0.3838123083114624,"actor_loss":-4.574237209453713e-06,"_wandb":{"runtime":217},"_timestamp":1.7809238869121284e+09,"approx_kl":5.007598247175338e-08,"clip_frac":0,"value_loss":6.553601269843057e-05,"_step":9986048,"win_rate":0.9999999403953552,"total_loss":6.0961770941503346e-05,"_runtime":217.088912186}