{"clip_frac":0,"ratio_0":0.9999991059303284,"value_loss":0.015397094190120697,"returns":1.7656673192977905,"ratio":0.9999978542327881,"actor_loss":-2.257758751511574e-06,"_step":9986048,"env_step":9.986048e+06,"win_rate":0.7918552160263062,"total_loss":0.015394836664199829,"entropy":0.3206322193145752,"approx_kl":2.5029942207766e-07,"_runtime":343.800722082,"_timestamp":1.7809383225786352e+09,"_wandb":{"runtime":343}}