{"_timestamp":1.7809203236413982e+09,"entropy":0.3113234341144562,"env_step":9.986048e+06,"approx_kl":3.2805195360197104e-07,"_step":9986048,"ratio_0":0.9999943971633911,"_runtime":247.622263261,"value_loss":0.000636288954410702,"ratio":0.9999914169311523,"actor_loss":-1.1776380233641248e-05,"total_loss":0.0006245126132853329,"clip_frac":0,"win_rate":0,"returns":0.6054731607437134,"_wandb":{"runtime":247}}