{"entropy":0.13634498417377472,"ratio_0":1,"value_loss":0.002980180084705353,"_runtime":192.860337708,"win_rate":0.11304347217082977,"total_loss":0.002975261537358165,"clip_frac":0,"_step":9986048,"env_step":9.986048e+06,"ratio":1.000002145767212,"_wandb":{"runtime":192},"returns":0.8783650398254395,"_timestamp":1.7809143889454784e+09,"actor_loss":-4.918430931866169e-06,"approx_kl":1.010131924772395e-07}