{"num_episodes_completed":832,"mean_reward_agent_1":0,"entropy":112.57666778564453,"_timestamp":1.779904393704065e+09,"value_loss":2.240170955657959,"grad_norm_critic":1.1319857835769653,"episode_length":10,"state_mse":0.12777142226696014,"mean_reward_per_step":0.2236328125,"return":4.43990421295166,"return_agent_1":4.43990421295166,"env_step":991232,"_step":121,"_wandb":{"runtime":97},"approx_kl":0.4859926402568817,"return_agent_2":4.43990421295166,"_runtime":97,"mean_reward_agent_0":0.447265625,"total_loss":-1255.744384765625,"actor_loss":-1256.986572265625,"mean_reward_agent_3":0.447265625,"update_step":121,"return_agent_0":4.43990421295166,"grad_norm_actor":2744.039306640625,"return_agent_3":4.43990421295166,"mean_reward_agent_2":0}