{"_wandb":{"runtime":189},"clip_frac":0,"total_loss":4.37603157479316e-05,"returns":1.999999761581421,"win_rate":1,"ratio_0":1,"env_step":9.986048e+06,"_step":9986048,"actor_loss":-7.22442473488627e-06,"approx_kl":6.720807732563117e-08,"ratio":1.0000004768371582,"_timestamp":1.7809116755490112e+09,"value_loss":5.098474503029138e-05,"entropy":0.49984800815582275,"_runtime":189.576231302}