{"_step":121,"env_step":991232,"return_agent_4":6.87740421295166,"approx_kl":4.023688973120443e-07,"mean_reward_agent_0":0.681396484375,"num_episodes_completed":832,"return_agent_0":6.87740421295166,"return_agent_1":6.87740421295166,"return":6.87740421295166,"update_step":121,"_runtime":101,"return_agent_3":6.87740421295166,"mean_reward_agent_1":0,"total_loss":-2191.339111328125,"episode_length":10,"value_loss":2.3817715644836426,"grad_norm_actor":0.002595283091068268,"return_agent_2":6.87740421295166,"entropy":0.004213365726172924,"mean_reward_per_step":0.2725585997104645,"grad_norm_critic":0.1709831953048706,"actor_loss":-2193.72119140625,"_wandb":{"runtime":101},"mean_reward_agent_3":0,"mean_reward_agent_2":0,"mean_reward_agent_4":0.681396484375,"_timestamp":1.7798948977671518e+09}