{"total_loss":0.9927841424942017,"mean_reward_per_step":-0.6247820854187012,"update_step":1219,"env_step":9986048,"num_episodes_completed":384,"value_loss":1.027044653892517,"return":-50.35036849975586,"episode_length":26,"actor_loss":-0.028209645301103592,"approx_kl":0.052452635020017624,"_timestamp":1.7810973275215726e+09,"grad_norm_actor":0.36931467056274414,"_wandb":{"runtime":1004},"grad_norm_critic":1.0812395811080933,"_step":1219,"entropy":0.6050786375999451,"_runtime":1004.555304599}