{"_step":9986048,"total_loss":0.0005381746450439095,"_timestamp":1.7807804556879323e+09,"env_step":9.986048e+06,"ratio_0":0.9999963045120239,"_wandb":{"runtime":239},"returns":1.9898043870925903,"entropy":0.46779394149780273,"_runtime":239.037978957,"clip_frac":0,"approx_kl":3.6188578178553144e-07,"ratio":0.999998927116394,"value_loss":0.0005408154684118927,"win_rate":0.9898989796638489,"actor_loss":-2.64080404122069e-06}