{"returns":1.9899343252182007,"_wandb":{"runtime":183},"value_loss":0.00017230608500540257,"actor_loss":-3.7471203029326716e-08,"_timestamp":1.780911455114849e+09,"env_step":9.986048e+06,"ratio":1.0000019073486328,"clip_frac":0,"ratio_0":1,"total_loss":0.00017226861382368952,"_step":9986048,"win_rate":0.9901961088180542,"approx_kl":7.63289236260789e-08,"_runtime":183.523457374,"entropy":0.6476460695266724}