{"_wandb":{"runtime":81},"_runtime":81.12423282,"actor_loss":-0.0086467070505023,"return_team_agents":-6.709410667419434,"_timestamp":1.7810929338528013e+09,"return":-27.99066162109375,"grad_norm_critic":1.029066562652588,"grad_norm_actor":0.4159063398838043,"env_step":9986048,"episode_length":26,"_step":1219,"mean_reward_per_step":-0.34366607666015625,"approx_kl":0.006493762135505676,"episode_length_team_agents":20.666667938232422,"update_step":1219,"total_loss":0.7072433829307556,"entropy":0.71757972240448,"value_loss":0.7230657935142517,"num_episodes_completed":384}