{"actor_loss":-9.923824109137058e-07,"env_step":9.986048e+06,"_step":9986048,"value_loss":0.01741870492696762,"approx_kl":3.770933076907568e-08,"ratio_0":1,"clip_frac":0,"win_rate":0.730512261390686,"returns":1.691258430480957,"ratio":1.0000014305114746,"_timestamp":1.780934481604921e+09,"total_loss":0.01741771213710308,"_runtime":271.102710665,"_wandb":{"runtime":271},"entropy":0.2388661503791809}