{"mean_reward_agent_0":0.89306640625,"mean_reward_agent_1":0,"_runtime":87,"_wandb":{"runtime":87},"update_step":121,"return":8.951923370361328,"num_episodes_completed":832,"mean_reward_per_step":0.5953776240348816,"actor_loss":-1307.3466796875,"_step":121,"episode_length":10,"env_step":991232,"return_agent_0":8.951923370361328,"return_agent_2":8.951923370361328,"total_loss":-1304.7056884765625,"value_loss":2.641235828399658,"mean_reward_agent_2":0.89306640625,"approx_kl":4.1426787333875836e-08,"entropy":0.00700096832588315,"_timestamp":1.7798946914552445e+09,"return_agent_1":8.951923370361328}