{"ratio_0":1,"actor_loss":-0.007951836101710796,"ratio":1.0000100135803223,"entropy":0.7922273874282837,"returns":-28.81441879272461,"_wandb":{"runtime":272},"clip_frac":0,"value_loss":0.09196612238883972,"_step":9986048,"env_step":9.986048e+06,"_runtime":272.608908804,"_timestamp":1.7811105689195132e+09,"total_loss":0.08401428163051605,"approx_kl":1.78556604168989e-06}