{"actor_loss":-2.6709399207902607e-06,"ratio":0.9999967813491821,"value_loss":0.0001281521690543741,"_runtime":274.038519709,"_step":9986048,"env_step":9.986048e+06,"returns":2,"total_loss":0.0001254812377737835,"_timestamp":1.7809274523270597e+09,"_wandb":{"runtime":274},"approx_kl":2.577952216142876e-07,"entropy":0.44377923011779785,"win_rate":1,"ratio_0":0.9999955296516418,"clip_frac":0}