{"returns":2,"ratio":0.9999960064888,"env_step":9.986048e+06,"actor_loss":-8.831872037262656e-06,"entropy":0.4860838055610657,"win_rate":1,"ratio_0":0.999995231628418,"clip_frac":0,"_wandb":{"runtime":272},"_runtime":272.488194898,"_timestamp":1.7809268281469343e+09,"total_loss":7.298470882233232e-05,"_step":9986048,"approx_kl":3.006452971021645e-07,"value_loss":8.181657904060557e-05}