{"_step":1219,"update_step":1219,"return":-36.60737609863281,"episode_length":26,"env_step":9986048,"_timestamp":1.7811004070255382e+09,"_runtime":987.964305214,"actor_loss":-0.029979391023516655,"approx_kl":0.07126405090093613,"grad_norm_critic":0.6163250803947449,"total_loss":0.2580147981643677,"entropy":0.4637652337551117,"value_loss":0.2926318645477295,"mean_reward_per_step":-0.4538165330886841,"grad_norm_actor":0.45318731665611267,"_wandb":{"runtime":987},"num_episodes_completed":384}