{"_wandb":{"runtime":191},"ratio_0":1,"returns":1.9662975072860718,"ratio":0.9999994039535522,"_step":9986048,"entropy":0.19099056720733643,"win_rate":0.9680850505828857,"_runtime":191.047501616,"total_loss":0.0010406801011413336,"env_step":9.986048e+06,"actor_loss":-6.317820862022927e-06,"approx_kl":9.411346013621369e-08,"value_loss":0.0010469978442415595,"_timestamp":1.7809141649026625e+09,"clip_frac":0}