{"_runtime":217.530253216,"win_rate":1,"approx_kl":1.0997003130341909e-07,"value_loss":0.0001622548879822716,"_wandb":{"runtime":217},"actor_loss":-1.039076664710592e-06,"clip_frac":0,"ratio_0":1,"env_step":9.986048e+06,"returns":2,"total_loss":0.0001612158230273053,"ratio":0.9999969601631165,"entropy":0.36296677589416504,"_timestamp":1.7809135694540133e+09,"_step":9986048}