{"env_step":991232,"update_step":121,"return_agent_0":0.5817307829856873,"value_loss":20.761920928955078,"return_agent_1":0.5817307829856873,"entropy":87.5595932006836,"grad_norm_critic":16.780529022216797,"_wandb":{"runtime":90},"episode_length":10,"_runtime":90,"_timestamp":1.7799026901805296e+09,"mean_reward_per_step":0.0634765625,"mean_reward_agent_0":0.0634765625,"_step":121,"mean_reward_agent_1":0.0634765625,"num_episodes_completed":832,"total_loss":19.09111785888672,"actor_loss":-0.9767119884490967,"state_mse":0.1815071552991867,"approx_kl":0.0002580852888058871,"return":0.5817307829856873,"grad_norm_actor":335.35687255859375}