{"_runtime":1852.627247113,"rollout/100pct":{"sha256":"322bc444ae1b8236bb9760786df8c9a222f22844677e82ec6ad96181d102b25b","size":156909,"path":"media/videos/rollout/100pct_9977856_322bc444ae1b8236bb97.gif","_type":"video-file"},"clip_frac":0,"rollout/0pct":{"path":"media/videos/rollout/0pct_0_80c092346bde86a10079.gif","_type":"video-file","sha256":"80c092346bde86a100791dd7113dbcbed5e205ea28ba212fb8c0a530b0751e7b","size":96551},"msg_len":0,"_timestamp":1.7814762581214945e+09,"actor_grad_norm":0.33015355467796326,"returns":-47.5842399597168,"approx_kl":2.5590352379367687e-06,"ratio_0":0.999993085861206,"_wandb":{"runtime":1852},"comm_ctx_norm":0,"gumbel_tau":1,"total_loss":0.5143438577651978,"silence_rate":1,"rollout/66pct":{"size":156861,"path":"media/videos/rollout/66pct_6586368_1f8c633ede3be585c409.gif","_type":"video-file","sha256":"1f8c633ede3be585c4099ce023f5facb892abc757824ef784ead1b47fb427b9a"},"rollout/33pct":{"path":"media/videos/rollout/33pct_3284992_708b11b18bd061133ba2.gif","_type":"video-file","sha256":"708b11b18bd061133ba2804f909636c7d071e37e7b09628d375aa30c2b5e7582","size":155378},"critic_grad_norm":2.260328769683838,"_step":9986048,"actor_loss":-0.007183892652392387,"value_loss":0.5215277671813965,"ratio":1.0000017881393433,"token_entropy":0,"expected_msg_len":1.0000007152557373,"entropy":0.7166918516159058,"env_step":9.986048e+06}