{"return_agent_2":6.824519634246826,"mean_reward_agent_3":0,"grad_norm_critic":0.0722019299864769,"_runtime":110,"_wandb":{"runtime":110},"return_agent_0":6.824519634246826,"return":6.824519634246826,"mean_reward_per_step":0.271484375,"mean_reward_agent_4":0.6787109375,"total_loss":-2219.99169921875,"mean_reward_agent_2":0,"return_agent_1":6.824519634246826,"state_mse":0.0018992569530382752,"return_agent_3":6.824519634246826,"return_agent_4":6.824519634246826,"_timestamp":1.7799030116700044e+09,"value_loss":2.314626455307007,"update_step":121,"actor_loss":-2222.30859375,"grad_norm_actor":0.005461324937641621,"mean_reward_agent_1":0,"mean_reward_agent_0":0.6787109375,"approx_kl":0.0003499058075249195,"num_episodes_completed":832,"entropy":0.004706814885139465,"episode_length":10,"_step":121,"env_step":991232}