{"value_loss":0.46402785181999207,"actor_loss":0.0009169516852125525,"approx_kl":0.005566033534705639,"return":-36.57733154296875,"total_loss":0.455457478761673,"env_step":9986048,"_timestamp":1.781103498311332e+09,"entropy":0.9487307071685791,"_runtime":100.062605858,"num_episodes_completed":384,"episode_length":26,"grad_norm_critic":2.683741331100464,"_step":1219,"grad_norm_actor":0.5441247224807739,"mean_reward_per_step":-0.4533137083053589,"update_step":1219,"_wandb":{"runtime":100}}