{"mean_reward_agent_5":0,"_step":121,"_runtime":114,"_timestamp":1.779893205537157e+09,"mean_reward_agent_1":0,"mean_reward_agent_0":-0.0146484375,"return_agent_0":-0.11778846383094788,"return":-0.11778846383094788,"env_step":991232,"return_agent_8":-0.11778846383094788,"return_agent_4":-0.11778846383094788,"approx_kl":0.00028156203916296363,"actor_loss":43.79279327392578,"entropy":692.6083374023438,"return_agent_6":-0.11778846383094788,"num_episodes_completed":832,"mean_reward_agent_2":0,"mean_reward_agent_9":-0.0146484375,"mean_reward_agent_6":0,"_wandb":{"runtime":114},"mean_reward_per_step":-0.0029296875,"return_agent_2":-0.11778846383094788,"total_loss":38.21043395996094,"mean_reward_agent_7":0,"return_agent_1":-0.11778846383094788,"value_loss":1.343727469444275,"mean_reward_agent_8":0,"return_agent_9":-0.11778846383094788,"return_agent_3":-0.11778846383094788,"return_agent_7":-0.11778846383094788,"mean_reward_agent_3":0,"mean_reward_agent_4":0,"return_agent_5":-0.11778846383094788,"update_step":121,"episode_length":10}