{"entropy":1.0698574781417847,"episode_length":26,"total_loss":0.9320942163467407,"actor_loss":-0.0019501203205436468,"num_episodes_completed":384,"_wandb":{"runtime":273},"_runtime":273.484883633,"update_step":1219,"_step":1219,"value_loss":0.9447429180145264,"grad_norm_actor":0.05972584709525108,"mean_reward_per_step":-0.9891597032546997,"grad_norm_critic":4.82866096496582,"_timestamp":1.7811021461238225e+09,"approx_kl":0.018640751019120216,"env_step":9986048,"return":-77.88079833984375}