{"update_step":121,"value_loss":0.6060960292816162,"grad_norm_critic":0.1705811470746994,"mean_reward_agent_5":0,"_step":121,"mean_reward_agent_2":0,"approx_kl":0.005359773989766836,"_timestamp":1.7799047373455245e+09,"return_agent_0":0.024038461968302727,"mean_reward_agent_3":0,"return_agent_3":0.024038461968302727,"grad_norm_actor":546.483154296875,"return_agent_2":0.024038461968302727,"_wandb":{"runtime":114},"return":0.024038461968302727,"mean_reward_agent_6":-0.001953125,"_runtime":114,"entropy":1395.367431640625,"state_mse":0.2145066112279892,"return_agent_6":0.024038461968302727,"mean_reward_agent_1":0,"num_episodes_completed":832,"mean_reward_per_step":-0.0005580357392318547,"total_loss":35.458316802978516,"episode_length":10,"return_agent_5":0.024038461968302727,"return_agent_1":0.024038461968302727,"return_agent_4":0.024038461968302727,"env_step":991232,"mean_reward_agent_4":0,"mean_reward_agent_0":-0.001953125,"actor_loss":48.59138870239258}