{"approx_kl":0.0613255612552166,"grad_norm_actor":0.37573692202568054,"update_step":1219,"env_step":9986048,"return":-43.60477828979492,"num_episodes_completed":384,"value_loss":0.6749304533004761,"mean_reward_per_step":-0.5468932390213013,"grad_norm_critic":0.6160003542900085,"_step":1219,"actor_loss":-0.034381311386823654,"_runtime":1018.744363786,"episode_length":26,"total_loss":0.6340989470481873,"entropy":0.6450242400169373,"_timestamp":1.781099391809494e+09,"_wandb":{"runtime":1018}}