{"entropy":0.0038593278732150793,"num_episodes_completed":832,"approx_kl":6.961602593946736e-06,"_wandb":{"runtime":110},"mean_reward_per_step":0.271484375,"mean_reward_agent_0":0.6787109375,"_step":121,"mean_reward_agent_4":0.6787109375,"total_loss":-2264.0009765625,"mean_reward_agent_1":0,"return_agent_2":6.812500476837158,"state_mse":0.001990174176171422,"episode_length":10,"mean_reward_agent_3":0,"mean_reward_agent_2":0,"return_agent_3":6.812500476837158,"actor_loss":-2266.228271484375,"return_agent_1":6.812500476837158,"_timestamp":1.7799015163965583e+09,"_runtime":110,"env_step":991232,"value_loss":2.2255382537841797,"grad_norm_actor":0.007724997121840715,"return_agent_0":6.812500476837158,"grad_norm_critic":0.013184080831706524,"return_agent_4":6.812500476837158,"return":6.812500476837158,"update_step":121}