{"_runtime":335.211007307,"_step":9986048,"entropy":0.3691101670265198,"approx_kl":2.614377763165976e-07,"_wandb":{"runtime":335},"returns":1.5641276836395264,"actor_loss":-5.800888175144792e-06,"win_rate":0.6339066028594971,"env_step":9.986048e+06,"value_loss":0.021798688918352127,"ratio_0":0.9999994039535522,"ratio":0.9999991655349731,"clip_frac":0,"_timestamp":1.7810846363340096e+09,"total_loss":0.021792888641357422}