{"expected_msg_len":1,"rollout/0pct":{"path":"media/videos/rollout/0pct_0_ac0f8e8156b03df3d574.gif","_type":"video-file","sha256":"ac0f8e8156b03df3d574b988290f20b1cee511ea1ceacdc0c833ff1209effe60","size":80976},"silence_rate":0.046875,"value_loss":0.6231248378753662,"msg_len":0.953125,"total_loss":0.6132336258888245,"rollout/66pct":{"_type":"video-file","sha256":"b9f93ff936ded2e4c895df07d29d2617b0530e395f27ad46992495ba2bccdec1","size":110318,"path":"media/videos/rollout/66pct_6586368_b9f93ff936ded2e4c895.gif"},"actor_grad_norm":0.20173436403274536,"ratio":1.0000054836273193,"entropy":0.9876562356948853,"rollout/100pct":{"path":"media/videos/rollout/100pct_9977856_e14daf3ec7cb6ec6ccdd.gif","_type":"video-file","sha256":"e14daf3ec7cb6ec6ccdd0354b33d4c3c0ebdb3c81077ef9e9b913a8e0817a4d2","size":108612},"_step":9986048,"critic_grad_norm":2.8636884689331055,"ratio_0":1.0000057220458984,"comm_ctx_norm":1.9071080684661865,"_timestamp":1.7815294078934815e+09,"clip_frac":0,"env_step":9.986048e+06,"approx_kl":2.8151109177088074e-07,"_runtime":513.151936659,"token_entropy":0,"_wandb":{"runtime":513},"rollout/33pct":{"size":108322,"path":"media/videos/rollout/33pct_3284992_1b47a87f82bf35e92761.gif","_type":"video-file","sha256":"1b47a87f82bf35e9276106aee65779eef5b74e0158e7ff1d69df8e354be635f8"},"returns":-59.37275314331055,"gumbel_tau":1,"actor_loss":-0.009891236200928688}