{"approx_kl":0.020861344411969185,"grad_norm_actor":0.08814793080091476,"mean_reward_per_step":-0.99675452709198,"_wandb":{"runtime":275},"num_episodes_completed":384,"episode_length":26,"total_loss":1.0133709907531738,"_runtime":275.151144049,"return":-78.33297729492188,"env_step":9986048,"_step":1219,"update_step":1219,"entropy":1.0779297351837158,"value_loss":1.025172233581543,"_timestamp":1.78110184535428e+09,"grad_norm_critic":3.936523199081421,"actor_loss":-0.001022070529870689}