{"actor_loss":-1.0661606211215258e-06,"entropy":0.23153355717658997,"env_step":9.986048e+06,"approx_kl":2.517294035442319e-07,"_runtime":336.467871906,"clip_frac":0,"ratio_0":0.9999970197677612,"value_loss":0.02155531570315361,"total_loss":0.02155425027012825,"win_rate":0.5287081003189087,"returns":1.4541864395141602,"_timestamp":1.781083110442524e+09,"_wandb":{"runtime":336},"ratio":0.9999948740005493,"_step":9986048}