{"episode_length":26,"_wandb":{"runtime":990},"return":-46.534141540527344,"approx_kl":0.0622599795460701,"grad_norm_critic":0.7999135255813599,"update_step":1219,"env_step":9986048,"_step":1219,"grad_norm_actor":0.37050652503967285,"_timestamp":1.781098345137782e+09,"num_episodes_completed":384,"actor_loss":-0.03220239654183388,"entropy":0.6592528223991394,"total_loss":1.0315018892288208,"mean_reward_per_step":-0.5876930356025696,"_runtime":990.854939974,"value_loss":1.0702966451644897}