{"actor_grad_norm":0.46415218710899353,"actor_loss":-0.008648748509585857,"_runtime":5456.794258761,"ratio":1.000032663345337,"token_entropy":1.7909289598464966,"gumbel_tau":1,"value_loss":0.20710720121860504,"critic_grad_norm":1.0505958795547485,"clip_frac":0.0001220703125,"msg_len":8.666351318359375,"returns":-36.33292770385742,"entropy":0.8618060946464539,"expected_msg_len":9.275459289550781,"_timestamp":1.781493125864935e+09,"approx_kl":1.573234112584032e-05,"total_loss":0.1984584480524063,"ratio_0":0.9999966621398926,"_step":9986048,"_wandb":{"runtime":5456},"silence_rate":0.046875,"env_step":9.986048e+06,"comm_ctx_norm":2.354203462600708}