{"returns":1.999999761581421,"value_loss":3.694181941682473e-05,"actor_loss":-5.8675650507211685e-06,"clip_frac":0,"total_loss":3.107425436610356e-05,"entropy":0.4349857568740845,"approx_kl":3.360544553743239e-07,"win_rate":1,"_timestamp":1.780921443833494e+09,"ratio":1.0000017881393433,"env_step":9.986048e+06,"ratio_0":0.9999970197677612,"_runtime":240.057752493,"_step":9986048,"_wandb":{"runtime":240}}