{"entropy":0.350760817527771,"total_loss":0.01512201875448227,"_wandb":{"runtime":335},"value_loss":0.015122631564736366,"_step":9986048,"actor_loss":-6.123445928096771e-07,"env_step":9.986048e+06,"win_rate":0.7840375900268555,"_runtime":335.129874255,"ratio":0.9999985098838806,"approx_kl":1.7648784478296875e-07,"clip_frac":0,"ratio_0":0.999998927116394,"_timestamp":1.7810846363323612e+09,"returns":1.756103277206421}