{"mean_reward_agent_3":0,"return_agent_0":6.117788791656494,"return_agent_5":6.117788791656494,"value_loss":2.0215344429016113,"env_step":991232,"return_agent_2":6.117788791656494,"entropy":10.705408096313477,"mean_reward_agent_2":0,"num_episodes_completed":832,"return_agent_1":6.117788791656494,"_step":121,"actor_loss":-2427.940185546875,"mean_reward_agent_4":0,"grad_norm_actor":35.098297119140625,"update_step":121,"_runtime":103,"_timestamp":1.779895005837991e+09,"mean_reward_agent_0":0.60400390625,"return_agent_4":6.117788791656494,"mean_reward_per_step":0.2013346403837204,"total_loss":-2426.02587890625,"mean_reward_agent_5":0.60400390625,"return":6.117788791656494,"mean_reward_agent_1":0,"grad_norm_critic":0.11448557674884796,"return_agent_3":6.117788791656494,"episode_length":10,"_wandb":{"runtime":103},"approx_kl":0.02045965939760208}