{"_wandb":{"runtime":269},"clip_frac":0,"value_loss":0.10236787050962448,"_timestamp":1.7811065996631975e+09,"actor_loss":-0.007983596064150333,"ratio_0":1,"approx_kl":1.0569555115580442e-06,"_runtime":269.027306134,"total_loss":0.09438427537679672,"returns":-28.830368041992188,"_step":9986048,"env_step":9.986048e+06,"ratio":0.9999989867210388,"entropy":0.7961823344230652}