{"gumbel_tau":1,"_timestamp":1.7815299725491745e+09,"ratio":1.0000076293945312,"_step":9986048,"_wandb":{"runtime":481},"value_loss":0.5482572913169861,"expected_msg_len":1,"clip_frac":0,"critic_grad_norm":2.097198009490967,"returns":-49.68740463256836,"entropy":0.7109507322311401,"silence_rate":0.046875,"token_entropy":0,"_runtime":481.838888775,"comm_ctx_norm":0.8258422017097473,"approx_kl":3.57468081801926e-07,"actor_grad_norm":0.2642291784286499,"msg_len":0.953125,"total_loss":0.5411382913589478,"env_step":9.986048e+06,"actor_loss":-0.0071190414018929005,"ratio_0":1.000020146369934}