{"_wandb":{"runtime":124},"return_agent_6":-0.009615384973585606,"mean_reward_agent_3":0,"mean_reward_agent_4":0,"mean_reward_per_step":-0.00019531250291038305,"mean_reward_agent_2":0,"_step":121,"mean_reward_agent_9":-0.0009765625,"mean_reward_agent_1":0,"grad_norm_critic":0.20090222358703613,"mean_reward_agent_6":0,"num_episodes_completed":832,"return":-0.009615384973585606,"return_agent_0":-0.009615384973585606,"mean_reward_agent_8":0,"return_agent_9":-0.009615384973585606,"return_agent_4":-0.009615384973585606,"actor_loss":-5.998780250549316,"grad_norm_actor":279.54669189453125,"mean_reward_agent_5":0,"mean_reward_agent_7":0,"return_agent_7":-0.009615384973585606,"env_step":991232,"mean_reward_agent_0":-0.0009765625,"return_agent_1":-0.009615384973585606,"value_loss":0.9074268937110901,"update_step":121,"entropy":1060.8348388671875,"return_agent_5":-0.009615384973585606,"total_loss":-15.69970703125,"return_agent_3":-0.009615384973585606,"_runtime":124,"episode_length":10,"_timestamp":1.7798954879665554e+09,"return_agent_2":-0.009615384973585606,"return_agent_8":-0.009615384973585606,"approx_kl":0.00021439995907712728}