{"return_agent_2":-0.15144231915473938,"mean_reward_agent_4":0,"_wandb":{"runtime":114},"mean_reward_agent_2":0,"episode_length":10,"return_agent_0":-0.15144231915473938,"return_agent_4":-0.15144231915473938,"env_step":991232,"_runtime":114,"mean_reward_agent_7":0,"value_loss":0.4700225293636322,"mean_reward_agent_6":0,"actor_loss":64.20599365234375,"return_agent_8":-0.15144231915473938,"update_step":121,"return_agent_3":-0.15144231915473938,"mean_reward_agent_1":0,"total_loss":51.08802795410156,"approx_kl":0.001674644649028778,"mean_reward_agent_3":0,"return_agent_1":-0.15144231915473938,"return_agent_6":-0.15144231915473938,"return_agent_7":-0.15144231915473938,"return":-0.15144231915473938,"mean_reward_agent_5":0,"mean_reward_per_step":-0.0035264757461845875,"entropy":1358.7984619140625,"_timestamp":1.7798930861195676e+09,"mean_reward_agent_8":-0.015869140625,"mean_reward_agent_0":-0.015869140625,"num_episodes_completed":832,"_step":121,"return_agent_5":-0.15144231915473938}