{"mean_reward_agent_3":0,"_timestamp":1.779898720747656e+09,"value_loss":0.5103862285614014,"actor_loss":-85.74859619140625,"episode_length":10,"_wandb":{"runtime":139},"entropy":1332.9217529296875,"return_agent_7":0.11778846383094788,"mean_reward_agent_2":0,"num_episodes_completed":832,"_step":121,"return_agent_5":0.11778846383094788,"mean_reward_per_step":0.0021484375465661287,"state_mse":0.007713482715189457,"mean_reward_agent_0":0.0107421875,"mean_reward_agent_9":0.0107421875,"mean_reward_agent_1":0,"total_loss":-98.5597152709961,"return_agent_9":0.11778846383094788,"mean_reward_agent_6":0,"mean_reward_agent_5":0,"grad_norm_actor":532.5835571289062,"return":0.11778846383094788,"mean_reward_agent_7":0,"update_step":121,"return_agent_3":0.11778846383094788,"env_step":991232,"mean_reward_agent_8":0,"mean_reward_agent_4":0,"return_agent_0":0.11778846383094788,"return_agent_2":0.11778846383094788,"grad_norm_critic":0.1414712369441986,"return_agent_8":0.11778846383094788,"_runtime":139,"return_agent_6":0.11778846383094788,"return_agent_1":0.11778846383094788,"approx_kl":0.00022244438878260553,"return_agent_4":0.11778846383094788}