{"clip_frac":0,"total_loss":0.01411861926317215,"_runtime":274.692235187,"_timestamp":1.7809351001051016e+09,"_step":9986048,"_wandb":{"runtime":274},"ratio":0.9999992847442627,"env_step":9.986048e+06,"actor_loss":-8.741335477679968e-07,"value_loss":0.014119493775069714,"returns":1.7810146808624268,"entropy":0.2590313255786896,"ratio_0":1,"win_rate":0.805439293384552,"approx_kl":1.4662756342431749e-08}