{"return":-0.004807692486792803,"return_agent_3":-0.004807692486792803,"return_agent_4":-0.004807692486792803,"mean_reward_agent_0":0.00341796875,"return_agent_5":-0.004807692486792803,"return_agent_1":-0.004807692486792803,"grad_norm_actor":395.09161376953125,"_step":121,"mean_reward_agent_1":0,"mean_reward_per_step":0.0009765625,"_wandb":{"runtime":114},"env_step":991232,"_runtime":114,"mean_reward_agent_5":0,"actor_loss":-95.93993377685547,"episode_length":10,"grad_norm_critic":0.34752151370048523,"update_step":121,"num_episodes_completed":832,"value_loss":0.5675674080848694,"entropy":1408.8275146484375,"total_loss":-109.29912567138672,"mean_reward_agent_6":0.00341796875,"return_agent_2":-0.004807692486792803,"mean_reward_agent_2":0,"mean_reward_agent_3":0,"mean_reward_agent_4":0,"_timestamp":1.7799047373462548e+09,"state_mse":0.1615142822265625,"return_agent_0":-0.004807692486792803,"return_agent_6":-0.004807692486792803,"approx_kl":0.0047033075243234634}