{"episode_length":10,"return_agent_2":-0.39663463830947876,"_timestamp":1.7798932055364676e+09,"_wandb":{"runtime":114},"return":-0.39663463830947876,"approx_kl":0.0023183501325547695,"mean_reward_agent_9":-0.035400390625,"_runtime":114,"_step":121,"return_agent_5":-0.39663463830947876,"mean_reward_agent_0":-0.035400390625,"actor_loss":188.32598876953125,"return_agent_8":-0.39663463830947876,"total_loss":176.65078735351562,"mean_reward_agent_5":0,"mean_reward_agent_1":0,"mean_reward_agent_6":0,"return_agent_9":-0.39663463830947876,"env_step":991232,"value_loss":0.7185699343681335,"mean_reward_agent_8":0,"return_agent_7":-0.39663463830947876,"return_agent_1":-0.39663463830947876,"mean_reward_agent_4":0,"update_step":121,"mean_reward_per_step":-0.007080078125,"return_agent_0":-0.39663463830947876,"mean_reward_agent_7":0,"return_agent_3":-0.39663463830947876,"num_episodes_completed":832,"mean_reward_agent_3":0,"return_agent_6":-0.39663463830947876,"mean_reward_agent_2":0,"entropy":1239.3773193359375,"return_agent_4":-0.39663463830947876}