{"_wandb":{"runtime":336},"returns":1.7619264125823975,"actor_loss":-3.5711564123630524e-06,"_timestamp":1.7810831104441042e+09,"clip_frac":0,"env_step":9.986048e+06,"approx_kl":2.3170365182068053e-07,"win_rate":0.7889907956123352,"_runtime":336.349571707,"value_loss":0.015861939638853073,"_step":9986048,"entropy":0.3303900957107544,"ratio_0":1.0000019073486328,"total_loss":0.015858367085456848,"ratio":1.0000056028366089}