{"approx_kl":8.49466204044802e-08,"entropy":0.36634382605552673,"_step":9986048,"value_loss":0.00017906379071064293,"returns":1.9925264120101929,"win_rate":0.9929577112197876,"ratio":1.0000009536743164,"_wandb":{"runtime":217},"actor_loss":-6.316206963674631e-06,"_runtime":217.422716578,"ratio_0":1,"env_step":9.986048e+06,"_timestamp":1.7809135694509478e+09,"total_loss":0.00017274759011343122,"clip_frac":0}