{"env_step":9.986048e+06,"clip_frac":0,"_timestamp":1.7809233908976007e+09,"_step":9986048,"actor_loss":-1.956895175680984e-06,"win_rate":0.9934640526771545,"_runtime":216.243557233,"entropy":0.4637452960014343,"ratio":1.0000008344650269,"total_loss":0.0003313984489068389,"ratio_0":1,"returns":1.9925652742385864,"approx_kl":4.388289553958202e-08,"_wandb":{"runtime":216},"value_loss":0.00033335533225908875}