{"ratio":1.0000014305114746,"_timestamp":1.7809148314957569e+09,"_step":9986048,"value_loss":5.595038601313718e-05,"win_rate":1,"total_loss":5.151928780833259e-05,"entropy":0.3133534789085388,"ratio_0":1,"returns":1.999999761581421,"env_step":9.986048e+06,"clip_frac":0,"_wandb":{"runtime":190},"actor_loss":-4.431097295309883e-06,"approx_kl":7.465284568297648e-08,"_runtime":190.178445468}