{"value_loss":0.00034350837813690305,"win_rate":0,"entropy":0.1793573796749115,"total_loss":0.0003181700885761529,"_runtime":243.545865228,"returns":0.6953161954879761,"approx_kl":1.1271779385424452e-06,"clip_frac":0,"_wandb":{"runtime":243},"ratio_0":0.9999958872795105,"_timestamp":1.7807812965373983e+09,"_step":9986048,"env_step":9.986048e+06,"ratio":0.9999966621398926,"actor_loss":-2.5338300474686548e-05}