{"state_mse":0.016473449766635895,"episode_length":10,"grad_norm_actor":214.10760498046875,"return":9.954327583312988,"total_loss":-8.011968612670898,"_step":121,"mean_reward_per_step":0.99560546875,"mean_reward_agent_0":0.99560546875,"_wandb":{"runtime":90},"env_step":991232,"mean_reward_agent_1":0.99560546875,"_timestamp":1.779902690179343e+09,"actor_loss":-7.959371089935303,"approx_kl":0.03569590672850609,"update_step":121,"return_agent_0":9.954327583312988,"num_episodes_completed":832,"return_agent_1":9.954327583312988,"value_loss":0.020406648516654968,"grad_norm_critic":0.2187829613685608,"_runtime":90,"entropy":8.947726249694824}