{"returns":1.9796618223190308,"total_loss":0.0006167053943499923,"clip_frac":0,"_step":9986048,"ratio_0":1,"env_step":9.986048e+06,"_runtime":215.232989904,"win_rate":0.9805194735527039,"entropy":0.3759104311466217,"ratio":1.0000015497207642,"_wandb":{"runtime":215},"actor_loss":-2.5776216716622002e-06,"value_loss":0.0006192830041982234,"approx_kl":1.590370288795384e-07,"_timestamp":1.7809228970185106e+09}