{"env_step":9.986048e+06,"_wandb":{"runtime":274},"clip_frac":0,"entropy":0.47582530975341797,"_step":9986048,"total_loss":0.0004818931338377297,"approx_kl":2.0259096800145926e-07,"ratio":0.9999971389770508,"actor_loss":-1.0821595424204133e-05,"returns":1.9932429790496826,"_runtime":274.110151871,"ratio_0":0.9999983906745911,"value_loss":0.0004927147529087961,"win_rate":0.9935483932495117,"_timestamp":1.7809271397445261e+09}