{"entropy":0.23769986629486084,"clip_frac":0,"win_rate":0.7279236316680908,"approx_kl":1.417111263890547e-07,"_runtime":336.230114171,"_step":9986048,"ratio":0.9999971389770508,"env_step":9.986048e+06,"_wandb":{"runtime":336},"returns":1.6844273805618286,"_timestamp":1.7810834916926181e+09,"ratio_0":0.9999969005584717,"value_loss":0.01726088672876358,"actor_loss":-1.204491127282381e-06,"total_loss":0.017259683459997177}