{"mean_reward_agent_1":0,"return":-0.21153846383094788,"approx_kl":0.00015820623957552016,"mean_reward_agent_2":0,"_wandb":{"runtime":138},"return_agent_4":-0.21153846383094788,"total_loss":99.18141174316406,"value_loss":1.3504518270492554,"_runtime":138,"_timestamp":1.7798985764247596e+09,"mean_reward_agent_5":0,"return_agent_5":-0.21153846383094788,"grad_norm_critic":0.19459430873394012,"_step":121,"mean_reward_per_step":-0.0057508680038154125,"return_agent_1":-0.21153846383094788,"actor_loss":106.20651245117188,"mean_reward_agent_6":0,"return_agent_6":-0.21153846383094788,"update_step":121,"mean_reward_agent_8":-0.02587890625,"episode_length":10,"num_episodes_completed":832,"mean_reward_agent_0":-0.02587890625,"mean_reward_agent_7":0,"return_agent_2":-0.21153846383094788,"return_agent_7":-0.21153846383094788,"env_step":991232,"return_agent_0":-0.21153846383094788,"mean_reward_agent_3":0,"return_agent_3":-0.21153846383094788,"return_agent_8":-0.21153846383094788,"state_mse":0.00574888102710247,"entropy":838.1315307617188,"grad_norm_actor":242.32708740234375,"mean_reward_agent_4":0}