{"_wandb":{"runtime":0},"_runtime":0.076022702,"ratio":0.9998167157173157,"_step":4096,"approx_kl":0.00033318233909085393,"_timestamp":1.7804987435644894e+09,"entropy":1.186990737915039,"value_loss":1.4696179628372192,"env_step":4096,"ratio_0":1,"actor_loss":8.488446837873198e-06,"returns":0.20612777769565582,"win_rate":0,"total_loss":1.4696264266967773,"clip_frac":0.05588379502296448}