{"_runtime":240.311056568,"entropy":0.3730521500110626,"total_loss":0.00015132052067201585,"ratio":0.9999936819076538,"clip_frac":0,"approx_kl":3.4833826134672563e-07,"value_loss":0.00015930402150843292,"actor_loss":-7.983491741470061e-06,"env_step":9.986048e+06,"ratio_0":0.9999922513961792,"_wandb":{"runtime":240},"win_rate":0.9791666865348816,"_timestamp":1.780921443830358e+09,"returns":1.973541498184204,"_step":9986048}