{"grad_norm_actor":1006.2667846679688,"return_agent_0":-0.3197115361690521,"_step":121,"mean_reward_agent_8":0,"mean_reward_agent_3":0,"_timestamp":1.7799051310735195e+09,"mean_reward_agent_1":0,"grad_norm_critic":0.13518080115318298,"state_mse":0.06110402196645737,"total_loss":160.22386169433594,"return":-0.3197115361690521,"env_step":991232,"mean_reward_agent_2":0,"mean_reward_agent_0":-0.0302734375,"return_agent_3":-0.3197115361690521,"return_agent_6":-0.3197115361690521,"value_loss":0.5157994031906128,"mean_reward_agent_6":0,"return_agent_8":-0.3197115361690521,"return_agent_7":-0.3197115361690521,"mean_reward_agent_9":-0.0302734375,"return_agent_4":-0.3197115361690521,"return_agent_2":-0.3197115361690521,"entropy":1353.871337890625,"actor_loss":173.1856689453125,"mean_reward_agent_5":0,"return_agent_1":-0.3197115361690521,"mean_reward_agent_4":0,"episode_length":10,"mean_reward_agent_7":0,"mean_reward_per_step":-0.006054687779396772,"return_agent_5":-0.3197115361690521,"_wandb":{"runtime":129},"num_episodes_completed":832,"update_step":121,"_runtime":129,"return_agent_9":-0.3197115361690521,"approx_kl":0.004762489348649979}