{"ratio_0":1.0000100135803223,"_wandb":{"runtime":246},"_runtime":246.316250053,"win_rate":0.8764045238494873,"_step":9986048,"clip_frac":0,"value_loss":0.0023879390209913254,"env_step":9.986048e+06,"_timestamp":1.7809208860408986e+09,"actor_loss":-2.8119347916799597e-06,"approx_kl":4.3115571202179126e-07,"returns":1.8665615320205688,"entropy":0.3922228217124939,"total_loss":0.0023851271253079176,"ratio":1.0000059604644775}