{"approx_kl":5.381950904848054e-05,"env_step":9.986048e+06,"returns":-34.6971435546875,"token_entropy":1.6947014331817627,"gumbel_tau":1,"actor_loss":-0.008542675524950027,"critic_grad_norm":0.8979634642601013,"ratio_0":1.0000123977661133,"expected_msg_len":9.990188598632812,"comm_ctx_norm":1.680820107460022,"_wandb":{"runtime":5456},"_timestamp":1.7814931258635452e+09,"_runtime":5456.689859052,"silence_rate":0.046875,"actor_grad_norm":0.4610494375228882,"clip_frac":0.0005086262826807797,"entropy":0.8584282994270325,"_step":9986048,"total_loss":0.14194655418395996,"ratio":1.0000426769256592,"msg_len":9.519206047058105,"value_loss":0.1504892259836197}