{"_timestamp":1.780498856083751e+09,"_step":126976,"total_loss":0.7166643142700195,"env_step":126976,"_runtime":2.263150387,"ratio_0":1,"actor_loss":-4.248272307449952e-05,"approx_kl":3.825377007160569e-06,"_wandb":{"runtime":2},"returns":0.2077879011631012,"entropy":1.1376677751541138,"ratio":1.0000001192092896,"value_loss":0.7167068719863892,"clip_frac":0,"win_rate":0}