{"value_loss":0.7479308247566223,"approx_kl":0.0138666070997715,"_step":625,"total_loss":0.7356036305427551,"_wandb":{"runtime":136},"episode_length":26,"grad_norm_critic":5.743773937225342,"_timestamp":1.7811023106036205e+09,"env_step":5120000,"num_episodes_completed":256,"return":-79.0866470336914,"_runtime":136.552477968,"grad_norm_actor":0.05167426913976669,"update_step":625,"mean_reward_per_step":-1.0214595794677734,"actor_loss":-0.0021967217326164246,"entropy":1.0130544900894165}