{"grad_norm_actor":0.009681479074060917,"_runtime":99,"env_step":991232,"mean_reward_agent_0":0.900634765625,"mean_reward_agent_1":0,"return":9.024039268493652,"grad_norm_critic":0.11936507374048233,"return_agent_2":9.024039268493652,"_timestamp":1.7798978238283284e+09,"return_agent_0":9.024039268493652,"approx_kl":7.066234502417501e-06,"total_loss":-1304.5360107421875,"state_mse":0.0011641965247690678,"actor_loss":-1307.18798828125,"_step":121,"value_loss":2.651038885116577,"episode_length":10,"entropy":0.006742408964782953,"_wandb":{"runtime":99},"mean_reward_agent_2":0.900634765625,"return_agent_1":9.024039268493652,"num_episodes_completed":832,"update_step":121,"mean_reward_per_step":0.6004232168197632}