{"mean_reward_agent_1":0,"total_loss":-2506.647705078125,"entropy":0.004973195027559996,"_runtime":113,"return":5.711538791656494,"value_loss":1.8132168054580688,"return_agent_0":5.711538791656494,"episode_length":10,"_step":121,"return_agent_1":5.711538791656494,"mean_reward_per_step":0.1903483122587204,"grad_norm_actor":0.005912917200475931,"_timestamp":1.779903130225568e+09,"_wandb":{"runtime":113},"mean_reward_agent_2":0,"mean_reward_agent_4":0,"actor_loss":-2508.462890625,"return_agent_2":5.711538791656494,"mean_reward_agent_0":0.571044921875,"mean_reward_agent_5":0.571044921875,"mean_reward_agent_3":0,"return_agent_3":5.711538791656494,"num_episodes_completed":832,"grad_norm_critic":0.022155098617076874,"update_step":121,"return_agent_4":5.711538791656494,"state_mse":0.0019876020960509777,"return_agent_5":5.711538791656494,"env_step":991232,"approx_kl":8.867222641129047e-05}