{"grad_norm_actor":0.42318668961524963,"episode_length_team_agents":20.666667938232422,"return":-28.687423706054688,"grad_norm_critic":1.269395351409912,"value_loss":0.7738215923309326,"_step":1219,"update_step":1219,"actor_loss":-0.01006109919399023,"_runtime":80.993896331,"approx_kl":0.006354853045195341,"num_episodes_completed":384,"env_step":9986048,"total_loss":0.7562451362609863,"entropy":0.7515357732772827,"mean_reward_per_step":-0.3498249053955078,"_timestamp":1.7810929338531911e+09,"return_team_agents":-6.804278373718262,"_wandb":{"runtime":80},"episode_length":26}