{"return_agent_0":8.97355842590332,"env_step":991232,"entropy":158.86561584472656,"total_loss":-35.06163787841797,"mean_reward_agent_0":0.896728515625,"_step":121,"episode_length":10,"state_mse":0.07556293159723282,"return":8.97355842590332,"grad_norm_actor":1647.1173095703125,"_wandb":{"runtime":90},"_runtime":90,"mean_reward_per_step":0.896728515625,"return_agent_1":8.97355842590332,"approx_kl":0.03106982819736004,"actor_loss":-34.117855072021484,"mean_reward_agent_1":0.896728515625,"_timestamp":1.7799026901798162e+09,"num_episodes_completed":832,"value_loss":0.5693106651306152,"update_step":121,"grad_norm_critic":1.6641960144042969}