{"total_loss":7.7923784255981445,"actor_loss":-0.002654127310961485,"_timestamp":1.781092324456697e+09,"num_episodes_completed":384,"episode_length":26,"mean_reward_per_step":-0.9921931028366089,"return":-77.78437805175781,"env_step":9986048,"grad_norm_critic":6.861026763916016,"_step":1219,"grad_norm_actor":0.20279280841350555,"episode_length_team_agents":20.666667938232422,"approx_kl":0.0024712563026696444,"entropy":0.669177234172821,"value_loss":7.801726818084717,"_wandb":{"runtime":80},"return_team_agents":-20.495803833007812,"update_step":1219,"_runtime":80.600323841}