{"mean_reward_agent_3":0,"mean_reward_agent_8":0,"approx_kl":0.0017155243549495935,"_runtime":124,"num_episodes_completed":832,"actor_loss":205.5912628173828,"return_agent_2":-0.3774038553237915,"value_loss":0.6933385133743286,"mean_reward_agent_4":0,"_wandb":{"runtime":124},"mean_reward_agent_9":-0.03466796875,"return_agent_5":-0.3774038553237915,"mean_reward_agent_0":-0.03466796875,"mean_reward_per_step":-0.0069335936568677425,"update_step":121,"mean_reward_agent_5":0,"mean_reward_agent_7":0,"return_agent_1":-0.3774038553237915,"return_agent_6":-0.3774038553237915,"mean_reward_agent_6":0,"mean_reward_agent_1":0,"return_agent_3":-0.3774038553237915,"return_agent_4":-0.3774038553237915,"entropy":1272.936767578125,"return_agent_9":-0.3774038553237915,"grad_norm_critic":0.14487388730049133,"env_step":991232,"grad_norm_actor":760.8658447265625,"_timestamp":1.7798954879654717e+09,"return":-0.3774038553237915,"return_agent_0":-0.3774038553237915,"episode_length":10,"_step":121,"mean_reward_agent_2":0,"total_loss":193.5552520751953,"return_agent_7":-0.3774038553237915,"return_agent_8":-0.3774038553237915}