{"value_loss":0.5786029100418091,"approx_kl":2.1834422625488514e-07,"clip_frac":0,"env_step":9.986048e+06,"ratio":0.9999961853027344,"_timestamp":1.781109651454834e+09,"entropy":0.9821169972419739,"ratio_0":1,"returns":-59.99243927001953,"_runtime":277.976295548,"_wandb":{"runtime":277},"total_loss":0.5687758326530457,"_step":9986048,"actor_loss":-0.00982706155627966}