{"actor_loss":-78.0828628540039,"total_loss":-90.70901489257812,"mean_reward_agent_0":0.010986328125,"return_agent_5":0.09375,"return_agent_6":0.09375,"mean_reward_agent_6":0.010986328125,"approx_kl":0.0001404781360179186,"mean_reward_agent_2":0,"return_agent_2":0.09375,"mean_reward_per_step":0.003138951025903225,"num_episodes_completed":832,"return_agent_3":0.09375,"mean_reward_agent_4":0,"mean_reward_agent_5":0,"_runtime":102,"episode_length":10,"mean_reward_agent_1":0,"_step":121,"return_agent_0":0.09375,"return":0.09375,"entropy":1333.30126953125,"_wandb":{"runtime":102},"_timestamp":1.7798928576239266e+09,"env_step":991232,"return_agent_4":0.09375,"mean_reward_agent_3":0,"return_agent_1":0.09375,"value_loss":0.7068445086479187,"update_step":121}