{"returns":1.742289662361145,"value_loss":0.003729597432538867,"clip_frac":0,"_step":9986048,"approx_kl":8.341023658431368e-07,"_wandb":{"runtime":247},"actor_loss":-2.39324781432515e-05,"total_loss":0.003705664537847042,"entropy":0.23276858031749725,"_timestamp":1.780920323642947e+09,"ratio":0.9999901652336121,"env_step":9.986048e+06,"win_rate":0.77173912525177,"ratio_0":0.9999946355819702,"_runtime":247.370964765}