{"total_loss":0.0006119574536569417,"_wandb":{"runtime":190},"win_rate":0.9799999594688416,"_runtime":190.028325294,"_step":9986048,"returns":1.974759817123413,"entropy":0.3551892936229706,"approx_kl":1.0712172127114172e-07,"ratio_0":1,"ratio":0.999999463558197,"_timestamp":1.7809148314928722e+09,"actor_loss":-8.296765372506343e-06,"env_step":9.986048e+06,"clip_frac":0,"value_loss":0.0006202542572282255}