{"grad_norm_actor":0.014988007955253124,"num_episodes_completed":832,"mean_reward_agent_2":0,"env_step":991232,"return_agent_3":8.052885055541992,"return":8.052885055541992,"actor_loss":-1861.0213623046875,"_timestamp":1.7799014011620708e+09,"episode_length":10,"grad_norm_critic":0.03271540254354477,"mean_reward_agent_3":0.802734375,"return_agent_2":8.052885055541992,"state_mse":0.001743464032188058,"_runtime":103,"update_step":121,"return_agent_0":8.052885055541992,"return_agent_1":8.052885055541992,"mean_reward_per_step":0.4013671875,"_step":121,"approx_kl":5.459764307325088e-10,"_wandb":{"runtime":103},"mean_reward_agent_0":0.802734375,"total_loss":-1858.3248291015625,"value_loss":2.694797992706299,"mean_reward_agent_1":0,"entropy":0.003943407442420721}