{"approx_kl":5.007598247175338e-08,"entropy":0.3838123083114624,"total_loss":6.0961770941503346e-05,"win_rate":0.9999999403953552,"_timestamp":1.7809135694524817e+09,"ratio_0":1,"actor_loss":-4.574237209453713e-06,"ratio":1.0000014305114746,"env_step":9.986048e+06,"value_loss":6.553601269843057e-05,"clip_frac":0,"_wandb":{"runtime":217},"returns":1.9999998807907104,"_runtime":217.316742644,"_step":9986048}