{"value_loss":0.4074461758136749,"approx_kl":0.00019636988872662187,"_step":9986048,"actor_grad_norm":0.3009069263935089,"actor_loss":-0.008042873814702034,"_runtime":5565.090600069,"entropy":0.801249623298645,"returns":-42.69890594482422,"ratio_0":0.999976634979248,"env_step":9.986048e+06,"token_entropy":1.5917348861694336,"_wandb":{"runtime":5565},"_timestamp":1.7814874890756955e+09,"comm_ctx_norm":2.8682985305786133,"clip_frac":0.0010884602088481188,"silence_rate":0.046875,"critic_grad_norm":1.7071173191070557,"expected_msg_len":2.5614218711853027,"total_loss":0.39940330386161804,"gumbel_tau":1,"msg_len":1.5622252225875854,"ratio":0.9999744892120361}