{"update_step":1219,"_step":1219,"grad_norm_actor":0.4301612973213196,"_runtime":81.058422745,"entropy":0.7425563931465149,"total_loss":2.025876045227051,"env_step":9986048,"grad_norm_critic":1.7564947605133057,"value_loss":2.0435051918029785,"num_episodes_completed":384,"return":-39.81431579589844,"approx_kl":0.005297980736941099,"mean_reward_per_step":-0.49891695380210876,"episode_length":26,"actor_loss":-0.010203374549746513,"return_team_agents":-10.019834518432617,"_wandb":{"runtime":81},"_timestamp":1.7810927304997451e+09,"episode_length_team_agents":20.666667938232422}