{"env_step":9.986048e+06,"_runtime":218.721200419,"ratio":1.0000015497207642,"total_loss":0.00020761307678185403,"entropy":0.3825545608997345,"actor_loss":-1.4641321968156262e-06,"_wandb":{"runtime":218},"ratio_0":1,"_timestamp":1.7809130744221199e+09,"approx_kl":1.6214156062233087e-07,"returns":1.9935065507888794,"_step":9986048,"clip_frac":0,"value_loss":0.00020907720318064094,"win_rate":0.9935064911842346}