{"returns":1.9885063171386719,"approx_kl":4.863919116360194e-07,"total_loss":0.00011531355266924948,"entropy":0.4679265022277832,"win_rate":0.9899999499320984,"_wandb":{"runtime":241},"value_loss":0.00012070860248059034,"ratio":1.0000057220458984,"_step":9986048,"actor_loss":-5.395054813561728e-06,"ratio_0":0.9999995231628418,"env_step":9.986048e+06,"clip_frac":0,"_timestamp":1.7809211659856942e+09,"_runtime":241.888343733}