{"entropy":0.41147658228874207,"_timestamp":1.7809277639454887e+09,"env_step":9.986048e+06,"win_rate":0.9999999403953552,"_wandb":{"runtime":274},"_step":9986048,"value_loss":0.0001078382192645222,"_runtime":274.066313573,"clip_frac":0,"total_loss":0.00010114829638041556,"approx_kl":2.8118074624217115e-07,"ratio":1.000001311302185,"actor_loss":-6.689922884106636e-06,"ratio_0":1.000000238418579,"returns":1.9999998807907104}