{"update_step":625,"_wandb":{"runtime":136},"_timestamp":1.7811023106031744e+09,"rollout/33pct":{"path":"media/videos/rollout/33pct_402_b105a91e583ac1fabade.gif","_type":"video-file","sha256":"b105a91e583ac1fabade178d7c80f36b43067e991e02fe43fab44f4872433d54","size":57710},"grad_norm_actor":0.08771897107362747,"num_episodes_completed":256,"_step":625,"value_loss":1.1673065423965454,"total_loss":1.1539987325668335,"grad_norm_critic":5.037510395050049,"entropy":1.0781916379928589,"mean_reward_per_step":-1.0047054290771484,"env_step":5120000,"episode_length":26,"return":-78.44766235351562,"approx_kl":0.01681588590145111,"_runtime":136.655445565,"actor_loss":-0.0025258902460336685,"rollout/0pct":{"size":43576,"path":"media/videos/rollout/0pct_0_913e5761e265056500f3.gif","_type":"video-file","sha256":"913e5761e265056500f37d62d01e6c19c7a896b09959c3a575d82e23403ef894"}}