{"return_agent_2":-0.0024038462433964014,"value_loss":0.5108773112297058,"return_agent_0":-0.0024038462433964014,"env_step":991232,"_runtime":105,"episode_length":10,"mean_reward_agent_6":0,"return_agent_3":-0.0024038462433964014,"return_agent_6":-0.0024038462433964014,"mean_reward_agent_1":0,"update_step":121,"_wandb":{"runtime":105},"return_agent_5":-0.0024038462433964014,"entropy":1419.110595703125,"_timestamp":1.7798929675521376e+09,"mean_reward_agent_4":0,"approx_kl":0.0002019439561991021,"return":-0.0024038462433964014,"return_agent_4":-0.0024038462433964014,"num_episodes_completed":832,"mean_reward_agent_7":-0.001708984375,"mean_reward_agent_5":0,"mean_reward_agent_2":0,"mean_reward_agent_3":0,"return_agent_1":-0.0024038462433964014,"_step":121,"return_agent_7":-0.0024038462433964014,"total_loss":36.96778869628906,"mean_reward_agent_0":-0.001708984375,"actor_loss":50.64801025390625,"mean_reward_per_step":-0.00042724609375}