{"returns":1.9882962703704834,"win_rate":0.9888889193534851,"total_loss":0.0004888448747806251,"ratio_0":1.0000123977661133,"clip_frac":0,"entropy":0.4601389169692993,"ratio":1.000004529953003,"_wandb":{"runtime":242},"_runtime":242.174050033,"_timestamp":1.7807815768349073e+09,"env_step":9.986048e+06,"approx_kl":3.2183262987928174e-07,"actor_loss":-7.446661584253889e-06,"value_loss":0.0004962915554642677,"_step":9986048}