{"clip_frac":0,"_runtime":13.318098052,"actor_loss":-3.938377176382346e-06,"ratio":1.000017523765564,"value_loss":0.0016550731379538774,"env_step":3904,"_timestamp":1.7804959544697e+09,"_wandb":{"runtime":13},"returns":0,"ratio_0":1.000017523765564,"win_rate":0,"_step":3904,"approx_kl":4.882022253127616e-08,"entropy":0.24754591286182404,"total_loss":0.0016511348076164722}