{"mean_reward_agent_3":0,"mean_reward_agent_2":0,"episode_length":10,"return_agent_1":0.05048077180981636,"mean_reward_agent_1":0,"actor_loss":-55.379615783691406,"mean_reward_agent_0":0.004150390625,"return_agent_4":0.05048077180981636,"return_agent_7":0.05048077180981636,"num_episodes_completed":832,"env_step":991232,"update_step":121,"mean_reward_per_step":0.0008300781482830644,"_runtime":139,"return_agent_0":0.05048077180981636,"return_agent_2":0.05048077180981636,"approx_kl":0.0012663117377087474,"return_agent_3":0.05048077180981636,"mean_reward_agent_6":0,"return_agent_5":0.05048077180981636,"return":0.05048077180981636,"entropy":1257.5234375,"mean_reward_agent_7":0,"value_loss":0.5255998373031616,"_wandb":{"runtime":139},"mean_reward_agent_8":0,"total_loss":-67.3870849609375,"return_agent_6":0.05048077180981636,"mean_reward_agent_5":0,"_step":121,"state_mse":0.04213663190603256,"grad_norm_critic":0.17320188879966736,"_timestamp":1.7798987207497892e+09,"mean_reward_agent_9":0.004150390625,"grad_norm_actor":442.9024658203125,"return_agent_8":0.05048077180981636,"return_agent_9":0.05048077180981636,"mean_reward_agent_4":0}