{"mean_reward_agent_3":0,"mean_reward_agent_6":0.464111328125,"return":4.651442527770996,"return_agent_3":4.651442527770996,"mean_reward_per_step":0.1326032429933548,"grad_norm_critic":0.005299929063767195,"_runtime":121,"grad_norm_actor":0.02339085005223751,"episode_length":10,"mean_reward_agent_5":0,"_wandb":{"runtime":121},"state_mse":0.0038816891610622406,"mean_reward_agent_0":0.464111328125,"update_step":121,"entropy":0.029162948951125145,"actor_loss":-2538.654296875,"return_agent_5":4.651442527770996,"_step":121,"return_agent_1":4.651442527770996,"return_agent_6":4.651442527770996,"return_agent_2":4.651442527770996,"return_agent_0":4.651442527770996,"mean_reward_agent_2":0,"total_loss":-2537.133544921875,"num_episodes_completed":832,"mean_reward_agent_1":0,"mean_reward_agent_4":0,"approx_kl":3.593832298065536e-05,"value_loss":1.5171030759811401,"env_step":991232,"return_agent_4":4.651442527770996,"_timestamp":1.7799017634813097e+09}