{"mean_reward_agent_4":0,"mean_reward_agent_5":0,"return_agent_5":-0.08653846383094788,"entropy":1414.376708984375,"mean_reward_agent_1":0,"mean_reward_agent_6":-0.00830078125,"return_agent_3":-0.08653846383094788,"return_agent_4":-0.08653846383094788,"mean_reward_agent_0":-0.00830078125,"actor_loss":95.08260345458984,"return_agent_1":-0.08653846383094788,"total_loss":81.8578109741211,"value_loss":0.563626766204834,"_wandb":{"runtime":121},"grad_norm_critic":0.16444408893585205,"mean_reward_per_step":-0.0023716518189758062,"grad_norm_actor":612.4683227539062,"return_agent_6":-0.08653846383094788,"mean_reward_agent_3":0,"mean_reward_agent_2":0,"num_episodes_completed":832,"episode_length":10,"approx_kl":0.0009884930914267898,"return":-0.08653846383094788,"update_step":121,"return_agent_2":-0.08653846383094788,"return_agent_0":-0.08653846383094788,"_step":121,"env_step":991232,"_timestamp":1.779901763480236e+09,"state_mse":0.355363130569458,"_runtime":121}