{"approx_kl":6.182620637673608e-08,"value_loss":2.1849396944162436e-05,"win_rate":1,"clip_frac":0,"total_loss":1.557441646582447e-05,"_wandb":{"runtime":183},"_runtime":183.320454217,"actor_loss":-6.274980023590615e-06,"_step":9986048,"_timestamp":1.7809114551133132e+09,"ratio":0.9999991655349731,"ratio_0":1,"returns":1.999999761581421,"env_step":9.986048e+06,"entropy":0.3855900764465332}