{"return_agent_1":0.11298077553510666,"return_agent_6":0.11298077553510666,"mean_reward_agent_7":0.006103515625,"return_agent_4":0.11298077553510666,"update_step":121,"return_agent_2":0.11298077553510666,"mean_reward_agent_0":0.006103515625,"mean_reward_agent_1":0,"_runtime":105,"_step":121,"mean_reward_per_step":0.00152587890625,"_wandb":{"runtime":105},"episode_length":10,"return":0.11298077553510666,"return_agent_7":0.11298077553510666,"approx_kl":0.00024788384325802326,"total_loss":-37.15668869018555,"mean_reward_agent_5":0,"mean_reward_agent_3":0,"mean_reward_agent_2":0,"_timestamp":1.779892967553505e+09,"entropy":1232.89208984375,"env_step":991232,"return_agent_0":0.11298077553510666,"value_loss":0.7485701441764832,"mean_reward_agent_4":0,"mean_reward_agent_6":0,"return_agent_5":0.11298077553510666,"return_agent_3":0.11298077553510666,"num_episodes_completed":832,"actor_loss":-25.576343536376953}