{"value_loss":0.0002482901036273688,"_timestamp":1.7809228970200195e+09,"actor_loss":-3.785570243053371e-06,"ratio":1.0000022649765015,"_step":9986048,"returns":1.9924213886260986,"_wandb":{"runtime":215},"approx_kl":9.136604717241426e-08,"win_rate":0.9930070042610168,"_runtime":215.149873739,"clip_frac":0,"ratio_0":1,"env_step":9.986048e+06,"total_loss":0.000244504539296031,"entropy":0.3422850966453552}