{"total_loss":0.6605960726737976,"episode_length":26,"_wandb":{"runtime":970},"_step":1219,"value_loss":0.6968052983283997,"approx_kl":0.03951079770922661,"_runtime":970.23642777,"entropy":0.6860551238059998,"_timestamp":1.7810952723283863e+09,"update_step":1219,"actor_loss":-0.029348567128181458,"return":-69.60478210449219,"env_step":9986048,"mean_reward_per_step":-0.8817014098167419,"grad_norm_actor":0.38876184821128845,"grad_norm_critic":1.189307451248169,"num_episodes_completed":384}