{"approx_kl":1.4820981959928758e-05,"msg_len":0.3457438051700592,"silence_rate":0.9580485820770264,"entropy":0.8128959536552429,"comm_ctx_norm":0.16746097803115845,"returns":-45.48271942138672,"_runtime":1852.889628694,"gumbel_tau":1,"total_loss":0.4404386579990387,"token_entropy":1.5794483423233032,"value_loss":0.44854894280433655,"actor_grad_norm":0.2736700773239136,"actor_loss":-0.008110304363071918,"expected_msg_len":1.3151384592056274,"ratio_0":1.0000200271606445,"env_step":9.986048e+06,"clip_frac":0.00016276042151730508,"_step":9986048,"_timestamp":1.7814762581229668e+09,"_wandb":{"runtime":1852},"ratio":1.000020146369934,"critic_grad_norm":1.8831883668899536}