{"mean_reward_agent_1":0,"return_agent_1":6.98557710647583,"return_agent_3":6.98557710647583,"return_agent_4":6.98557710647583,"_runtime":96,"value_loss":2.3575572967529297,"mean_reward_per_step":0.2750000059604645,"_wandb":{"runtime":96},"approx_kl":3.065097189391963e-07,"total_loss":-2211.25830078125,"update_step":121,"env_step":991232,"_timestamp":1.779892647377116e+09,"episode_length":10,"entropy":0.0041882856748998165,"mean_reward_agent_0":0.6875,"num_episodes_completed":832,"return_agent_2":6.98557710647583,"return":6.98557710647583,"_step":121,"mean_reward_agent_3":0,"actor_loss":-2213.615966796875,"return_agent_0":6.98557710647583,"mean_reward_agent_4":0.6875,"mean_reward_agent_2":0}