{"win_rate":0.9285714030265808,"_wandb":{"runtime":189},"approx_kl":1.646593830173515e-07,"total_loss":0.0011002670507878065,"returns":1.9250609874725342,"env_step":9.986048e+06,"_runtime":189.507810505,"_step":9986048,"ratio":1.0000019073486328,"actor_loss":-9.98439918475924e-06,"entropy":0.29690229892730713,"_timestamp":1.7809116755503798e+09,"clip_frac":0,"value_loss":0.0011102515272796154,"ratio_0":1}