{"_step":0,"entropy":1.606730580329895,"actor_loss":-0.017591048032045364,"ratio":1.0003749132156372,"ratio_0":1,"_timestamp":1.78110953548521e+09,"_runtime":0.041477571,"total_loss":22.826045989990234,"returns":-81.27265167236328,"clip_frac":0.010111491195857525,"env_step":0,"approx_kl":0.0027528349310159683,"value_loss":22.84363555908203,"_wandb":{"runtime":0}}