{"value_loss":0.5833566188812256,"actor_grad_norm":0.27884742617607117,"_runtime":4318.983090097,"returns":-49.98478317260742,"silence_rate":0.9993489384651184,"token_entropy":0.3758692145347595,"gumbel_tau":0.5,"_timestamp":1.7814817177077992e+09,"total_loss":0.5759700536727905,"expected_msg_len":1.0009289979934692,"critic_grad_norm":2.1257705688476562,"ratio":0.999997615814209,"ratio_0":0.9999958872795105,"entropy":0.7372371554374695,"comm_ctx_norm":0.006039406172931194,"_wandb":{"runtime":4318},"approx_kl":4.6725898528166e-07,"_step":9986048,"env_step":9.986048e+06,"msg_len":0.0006510416860692203,"actor_loss":-0.007386554963886738,"clip_frac":0}