{"mean_reward_per_step":0.5953776240348816,"grad_norm_actor":0.005263461731374264,"grad_norm_critic":0.04848144203424454,"num_episodes_completed":832,"episode_length":10,"env_step":991232,"_wandb":{"runtime":99},"_runtime":99,"total_loss":-1304.706787109375,"return_agent_2":8.951923370361328,"mean_reward_agent_2":0.89306640625,"mean_reward_agent_1":0,"value_loss":2.6412413120269775,"_step":121,"update_step":121,"return_agent_0":8.951923370361328,"approx_kl":6.179942602102528e-07,"mean_reward_agent_0":0.89306640625,"actor_loss":-1307.348876953125,"return_agent_1":8.951923370361328,"state_mse":0.0011566270841285586,"entropy":0.006717031355947256,"return":8.951923370361328,"_timestamp":1.7798978238291838e+09}