{"episode_length":10,"_timestamp":1.7799014011628366e+09,"update_step":121,"mean_reward_agent_1":0,"entropy":0.004133494105190039,"env_step":991232,"actor_loss":-1862.778076171875,"return_agent_2":7.882211685180664,"_wandb":{"runtime":103},"return_agent_1":7.882211685180664,"grad_norm_critic":0.03906841576099396,"mean_reward_agent_3":0.785888671875,"grad_norm_actor":0.0063901618123054504,"mean_reward_per_step":0.3929443359375,"mean_reward_agent_0":0.785888671875,"return_agent_3":7.882211685180664,"approx_kl":0.00017386987747158855,"_step":121,"num_episodes_completed":832,"value_loss":2.6571476459503174,"total_loss":-1860.1192626953125,"state_mse":0.001720124389976263,"_runtime":103,"mean_reward_agent_2":0,"return":7.882211685180664,"return_agent_0":7.882211685180664}