{"state_mse":0.012648423202335835,"mean_reward_agent_4":0,"return_agent_2":-0.10817307978868484,"num_episodes_completed":832,"_wandb":{"runtime":118},"mean_reward_agent_3":0,"return_agent_7":-0.10817307978868484,"value_loss":1.4756863117218018,"grad_norm_actor":164.411376953125,"return_agent_1":-0.10817307978868484,"mean_reward_agent_6":0,"mean_reward_agent_1":0,"grad_norm_critic":0.19508901238441467,"return_agent_4":-0.10817307978868484,"return_agent_3":-0.10817307978868484,"return":-0.10817307978868484,"episode_length":10,"_runtime":118,"_timestamp":1.779904860892433e+09,"mean_reward_agent_5":0,"mean_reward_agent_0":-0.01416015625,"_step":121,"mean_reward_agent_2":0,"actor_loss":60.44084930419922,"update_step":121,"mean_reward_per_step":-0.0035400390625,"entropy":809.9705810546875,"env_step":991232,"approx_kl":0.00012374157086014748,"return_agent_5":-0.10817307978868484,"mean_reward_agent_7":-0.01416015625,"total_loss":53.8294792175293,"return_agent_0":-0.10817307978868484,"return_agent_6":-0.10817307978868484}