{"actor_loss":-2.3464579582214355,"total_loss":-2.494699478149414,"num_episodes_completed":832,"entropy":17.736419677734375,"return_agent_1":9.949519157409668,"_timestamp":1.7798945995494294e+09,"return":9.949519157409668,"value_loss":0.02912278100848198,"episode_length":10,"_runtime":82,"return_agent_0":9.949519157409668,"env_step":991232,"mean_reward_agent_0":0.9951171875,"approx_kl":0.008053419180214405,"update_step":121,"_wandb":{"runtime":82},"mean_reward_agent_1":0.9951171875,"_step":121,"mean_reward_per_step":0.9951171875}