{"mean_reward_per_step":0.27900391817092896,"grad_norm_critic":0.05693964287638664,"return_agent_3":7.028846263885498,"mean_reward_agent_2":0,"value_loss":2.278316020965576,"grad_norm_actor":0.010606186464428902,"mean_reward_agent_1":0,"total_loss":-2255.401611328125,"return_agent_2":7.028846263885498,"mean_reward_agent_0":0.697509765625,"return":7.028846263885498,"update_step":121,"entropy":0.003415363607928157,"approx_kl":3.795310931309359e-06,"actor_loss":-2257.681884765625,"_wandb":{"runtime":110},"return_agent_4":7.028846263885498,"mean_reward_agent_4":0.697509765625,"state_mse":0.001989751122891903,"_runtime":110,"mean_reward_agent_3":0,"env_step":991232,"num_episodes_completed":832,"episode_length":10,"_timestamp":1.7799015163956847e+09,"return_agent_0":7.028846263885498,"_step":121,"return_agent_1":7.028846263885498}