{"value_loss":0.010440105572342873,"_wandb":{"runtime":335},"_runtime":335.280302275,"clip_frac":0,"ratio":0.9999992847442627,"_timestamp":1.7810846363307056e+09,"env_step":9.986048e+06,"returns":1.8746235370635986,"entropy":0.31616243720054626,"_step":9986048,"approx_kl":2.2323831672110828e-07,"actor_loss":-1.4468387234956026e-06,"win_rate":0.8903226256370544,"total_loss":0.01043865829706192,"ratio_0":0.9999970197677612}