{"approx_kl":1.5401722066599177e-06,"ratio_0":1,"clip_frac":0,"_wandb":{"runtime":275},"actor_loss":-0.00839480571448803,"value_loss":0.19382113218307495,"_runtime":275.063116676,"returns":-37.61173629760742,"env_step":9.986048e+06,"_timestamp":1.7811102666028204e+09,"_step":9986048,"ratio":0.9999906420707703,"entropy":0.8364174365997314,"total_loss":0.18542633950710297}