{"gumbel_tau":1,"ratio":1.0001171827316284,"actor_loss":-0.006370358634740114,"_runtime":50.302706215,"value_loss":0.7067457437515259,"_step":262144,"actor_grad_norm":0.13655534386634827,"env_step":262144,"silence_rate":0.9998372197151184,"clip_frac":0.0337422676384449,"entropy":1.346337080001831,"critic_grad_norm":5.022537708282471,"comm_ctx_norm":0.0055036889389157295,"msg_len":0.00016276042151730508,"_timestamp":1.7814638599676018e+09,"expected_msg_len":1.0002189874649048,"approx_kl":0.0036429562605917454,"_wandb":{"runtime":50},"token_entropy":0.2852717638015747,"total_loss":0.7003754377365112,"returns":-61.49863815307617,"ratio_0":1.0000014305114746}