{"_step":121,"num_episodes_completed":832,"env_step":991232,"return_agent_3":8.048077583312988,"return_agent_1":8.048077583312988,"return":8.048077583312988,"episode_length":10,"return_agent_2":8.048077583312988,"mean_reward_agent_2":0,"mean_reward_agent_0":0.80126953125,"total_loss":-1834.22900390625,"_timestamp":1.7798947915898716e+09,"_runtime":95,"return_agent_0":8.048077583312988,"mean_reward_per_step":0.400634765625,"value_loss":2.762011766433716,"mean_reward_agent_3":0.80126953125,"_wandb":{"runtime":95},"approx_kl":2.3916328473205795e-07,"mean_reward_agent_1":0,"actor_loss":-1836.9910888671875,"update_step":121,"entropy":0.004476113244891167}