{"approx_kl":0.00896604172885418,"env_step":9986048,"mean_reward_per_step":-0.32101625204086304,"entropy":0.6980562806129456,"_runtime":267.233478236,"update_step":1219,"grad_norm_actor":0.4849516749382019,"total_loss":0.2438526153564453,"actor_loss":-0.004890110809355974,"_timestamp":1.7811040946280277e+09,"_wandb":{"runtime":267},"episode_length":26,"grad_norm_critic":0.5180478692054749,"num_episodes_completed":384,"_step":1219,"return":-26.087005615234375,"value_loss":0.2557232975959778}