{"entropy":0.9216147065162659,"total_loss":0.3479669988155365,"value_loss":0.35720449686050415,"returns":-51.23704528808594,"clip_frac":0,"_timestamp":1.781111193063657e+09,"_wandb":{"runtime":360},"approx_kl":8.917517106965533e-07,"env_step":9.986048e+06,"_runtime":360.430435556,"ratio_0":0.9999920725822449,"_step":9986048,"ratio":0.999996542930603,"actor_loss":-0.00923747569322586}