{"actor_loss":4.835698632632557e-07,"_wandb":{"runtime":190},"clip_frac":0,"ratio":0.9999998807907104,"returns":0.9789275527000427,"_runtime":190.927586442,"entropy":0.21536362171173096,"env_step":9.986048e+06,"_step":9986048,"win_rate":0.1340206116437912,"_timestamp":1.780914164901176e+09,"total_loss":0.0020452141761779785,"ratio_0":1,"approx_kl":9.320444860350108e-08,"value_loss":0.0020447305869311094}