{"ratio":1.0000927448272705,"_runtime":3.285686616,"_timestamp":1.7811073523690143e+09,"ratio_0":1.0000001192092896,"value_loss":12.663414001464844,"entropy":1.5750176906585693,"approx_kl":0.00014896677748765796,"env_step":57344,"total_loss":12.647331237792969,"rollout/100pct":{"size":62624,"path":"media/videos/rollout/100pct_57344_23f745595fb8482679a3.gif","_type":"video-file","sha256":"23f745595fb8482679a3e087689b2b9ace1cf95d12f5e50a4b0e8f54a4c588fd"},"rollout/0pct":{"size":62507,"path":"media/videos/rollout/0pct_0_b4fea7f854a0f02ebf57.gif","_type":"video-file","sha256":"b4fea7f854a0f02ebf574707b053fbe0f82932842cd28035bd0e7126eb6fc1de"},"clip_frac":0,"returns":-73.85418701171875,"_wandb":{"runtime":3},"actor_loss":-0.016083605587482452,"_step":57344}