{"_timestamp":1.78078101569967e+09,"_runtime":243.331411314,"approx_kl":3.131637811293331e-07,"entropy":0.4276622533798218,"value_loss":0.00020431948360055685,"clip_frac":0,"_wandb":{"runtime":243},"win_rate":0.9896906614303589,"ratio_0":0.999999463558197,"_step":9986048,"actor_loss":9.417223054697388e-07,"returns":1.9896903038024902,"env_step":9.986048e+06,"ratio":0.9999959468841553,"total_loss":0.00020526119624264538}