{"clip_frac":0,"ratio_0":1,"_step":9986048,"approx_kl":1.78556604168989e-06,"_wandb":{"runtime":268},"env_step":9.986048e+06,"value_loss":0.09196612238883972,"ratio":1.0000100135803223,"_timestamp":1.781106599662098e+09,"returns":-28.81441879272461,"_runtime":268.952356641,"entropy":0.7922273874282837,"total_loss":0.08401428163051605,"actor_loss":-0.007951836101710796}