{"approx_kl":6.709806825710984e-07,"actor_grad_norm":0.26955339312553406,"entropy":0.7325960993766785,"critic_grad_norm":2.2568013668060303,"total_loss":0.5244706273078918,"msg_len":0,"comm_ctx_norm":0,"_runtime":4318.929353878,"token_entropy":0,"silence_rate":1,"_step":9986048,"_wandb":{"runtime":4318},"returns":-47.0994873046875,"gumbel_tau":0.5,"clip_frac":0,"actor_loss":-0.0073320260271430016,"expected_msg_len":1.000009298324585,"value_loss":0.5318026542663574,"ratio_0":1.0000052452087402,"ratio":0.9999972581863403,"_timestamp":1.7814817177050226e+09,"env_step":9.986048e+06}