{"value_loss":0.02088676579296589,"_runtime":272.070047774,"entropy":0.15562154352664948,"total_loss":0.02088700234889984,"ratio":1.0000004768371582,"actor_loss":2.3597385734319687e-07,"returns":1.5748056173324585,"_step":9986048,"win_rate":0.6373056769371033,"_timestamp":1.780934177087735e+09,"_wandb":{"runtime":272},"env_step":9.986048e+06,"ratio_0":1,"clip_frac":0,"approx_kl":3.525547498384185e-08}