{"episode_length_team_agents":20.666667938232422,"_wandb":{"runtime":80},"mean_reward_per_step":-0.9795899391174316,"update_step":1219,"grad_norm_critic":12.917439460754395,"return":-76.95654296875,"value_loss":7.326480865478516,"episode_length":26,"entropy":0.5816717147827148,"_runtime":80.413033489,"grad_norm_actor":0.1914270967245102,"approx_kl":0.002348819747567177,"_timestamp":1.7810923244561188e+09,"actor_loss":-0.0028803774621337652,"env_step":9986048,"return_team_agents":-20.263011932373047,"num_episodes_completed":384,"_step":1219,"total_loss":7.317782878875732}