{"ratio_0":1,"returns":1.7889999151229858,"total_loss":0.01370980590581894,"_timestamp":1.7809351001034746e+09,"value_loss":0.013711275532841682,"_step":9986048,"env_step":9.986048e+06,"ratio":0.9999991655349731,"entropy":0.2983420789241791,"clip_frac":0,"_runtime":274.524356611,"_wandb":{"runtime":274},"actor_loss":-1.469627022743225e-06,"win_rate":0.8133333325386047,"approx_kl":2.1554914297894356e-08}