{"mean_reward_agent_1":0,"state_mse":0.0016521299257874489,"env_step":991232,"_runtime":100,"entropy":0.0048419516533613205,"actor_loss":-1836.600830078125,"update_step":121,"return":7.918269634246826,"grad_norm_critic":0.14180788397789001,"num_episodes_completed":832,"_timestamp":1.779902896245322e+09,"mean_reward_agent_3":0.78759765625,"_wandb":{"runtime":100},"mean_reward_agent_2":0,"mean_reward_per_step":0.393798828125,"value_loss":2.7369799613952637,"total_loss":-1833.8624267578125,"return_agent_0":7.918269634246826,"return_agent_2":7.918269634246826,"grad_norm_actor":0.016049686819314957,"mean_reward_agent_0":0.78759765625,"approx_kl":2.2296397219179198e-05,"return_agent_3":7.918269634246826,"episode_length":10,"_step":121,"return_agent_1":7.918269634246826}