{"total_loss":0.6122996211051941,"return":-69.99830627441406,"_runtime":990.802130031,"_step":1219,"entropy":0.6900302171707153,"mean_reward_per_step":-0.8898958563804626,"actor_loss":-0.029273776337504387,"grad_norm_actor":0.3957071602344513,"num_episodes_completed":384,"approx_kl":0.03716186061501503,"_wandb":{"runtime":990},"update_step":1219,"env_step":9986048,"episode_length":26,"value_loss":0.6484735608100891,"_timestamp":1.7810942758744824e+09,"grad_norm_critic":1.3489388227462769}