{"_timestamp":1.7815305385527825e+09,"entropy":0.8666976690292358,"silence_rate":0.046875,"env_step":9.986048e+06,"expected_msg_len":1,"ratio_0":1.0000046491622925,"clip_frac":0,"token_entropy":0,"rollout/0pct":{"path":"media/videos/rollout/0pct_0_35972da9d43603388d40.gif","_type":"video-file","sha256":"35972da9d43603388d40cea19bd71484f67c02379729867399498ef097c7bfbd","size":210948},"rollout/66pct":{"path":"media/videos/rollout/66pct_6586368_e3547419c51dfc87b022.gif","_type":"video-file","sha256":"e3547419c51dfc87b022e3ca4b0b1932e02e9651acaf094687d6c31d4773f487","size":264079},"critic_grad_norm":1.2375882863998413,"comm_ctx_norm":1.5849583148956299,"actor_grad_norm":0.4687258303165436,"_wandb":{"runtime":515},"total_loss":0.19158314168453217,"rollout/33pct":{"size":266976,"path":"media/videos/rollout/33pct_3284992_1102ccd4250a6f4c34f2.gif","_type":"video-file","sha256":"1102ccd4250a6f4c34f2550475a4d61f29201f1d238f7ff5fa777fcd3dd3035c"},"approx_kl":2.720133352340781e-06,"returns":-36.37123107910156,"value_loss":0.20030094683170319,"actor_loss":-0.008717803284525871,"_runtime":515.398722439,"gumbel_tau":1,"rollout/100pct":{"size":259460,"path":"media/videos/rollout/100pct_9977856_780198bd2488ad077cad.gif","_type":"video-file","sha256":"780198bd2488ad077cad2070d4f43a90ffaba849abb0cbb8b7ac8cc7cbda137f"},"ratio":1.0000028610229492,"msg_len":0.953125,"_step":9986048}