{"approx_kl":2.6788114837472676e-07,"entropy":0.7352205514907837,"env_step":9.986048e+06,"rollout/100pct":{"sha256":"f1267a63c128d7992d2a64c5271917a09eb7a71cf4de4fabde82ffba57e8137c","size":155882,"path":"media/videos/rollout/100pct_9977856_f1267a63c128d7992d2a.gif","_type":"video-file"},"actor_grad_norm":0.2619674801826477,"_timestamp":1.7814682522564023e+09,"ratio":0.9999982714653015,"rollout/0pct":{"_type":"video-file","sha256":"f42c602f5af729dd43dc14049654a9088897939989fff89ed77e333f32ce413d","size":136732,"path":"media/videos/rollout/0pct_0_f42c602f5af729dd43dc.gif"},"total_loss":0.482059121131897,"ratio_0":0.9999966621398926,"clip_frac":0,"_wandb":{"runtime":1852},"rollout/66pct":{"sha256":"681fb2e749bbfa3881d14c56fe1329258bc7d9cb0df8d3d45e99aa2ddd344d1b","size":154824,"path":"media/videos/rollout/66pct_6586368_681fb2e749bbfa3881d1.gif","_type":"video-file"},"silence_rate":1,"_runtime":1852.370298564,"rollout/33pct":{"path":"media/videos/rollout/33pct_3284992_cc564415a7cb6d4ac0ab.gif","_type":"video-file","sha256":"cc564415a7cb6d4ac0abf1a7d394d3a361cf58e3285fe8bbb36e327be8790852","size":152692},"gumbel_tau":1,"actor_loss":0.0026378342881798744,"value_loss":0.47942131757736206,"_step":9986048,"comm_ctx_norm":0,"token_entropy":0,"returns":-47.496337890625,"msg_len":0,"expected_msg_len":1.0000001192092896,"critic_grad_norm":2.3557820320129395}