{"return_agent_1":-0.16826923191547394,"return_agent_5":-0.16826923191547394,"num_episodes_completed":832,"return_agent_0":-0.16826923191547394,"mean_reward_agent_5":-0.019775390625,"mean_reward_agent_2":0,"actor_loss":67.07072448730469,"mean_reward_agent_4":0,"value_loss":2.002788543701172,"_step":121,"grad_norm_critic":0.31088191270828247,"return":-0.16826923191547394,"episode_length":10,"_runtime":109,"grad_norm_actor":201.20126342773438,"mean_reward_agent_3":0,"_wandb":{"runtime":109},"update_step":121,"mean_reward_agent_0":-0.019775390625,"return_agent_4":-0.16826923191547394,"total_loss":61.85625076293945,"env_step":991232,"entropy":723.4896850585938,"state_mse":0.017640970647335052,"mean_reward_per_step":-0.006591796875,"return_agent_3":-0.16826923191547394,"return_agent_2":-0.16826923191547394,"approx_kl":0.0005075338413007557,"_timestamp":1.7799046181280231e+09,"mean_reward_agent_1":0}