{"_wandb":{"runtime":515},"returns":-36.48388671875,"critic_grad_norm":1.085088849067688,"gumbel_tau":1,"expected_msg_len":1,"token_entropy":0,"msg_len":0.953125,"actor_loss":-0.008519100025296211,"clip_frac":0,"silence_rate":0.046875,"approx_kl":2.0876479993603425e-06,"entropy":0.8481975197792053,"_step":9986048,"_timestamp":1.7815305385553808e+09,"env_step":9.986048e+06,"_runtime":515.29960702,"ratio":1.000001311302185,"ratio_0":0.9999985694885254,"value_loss":0.20213964581489563,"comm_ctx_norm":1.756601095199585,"total_loss":0.19362056255340576,"actor_grad_norm":0.4845951795578003}