{"return_agent_1":9.591346740722656,"return_agent_0":9.591346740722656,"_step":121,"update_step":121,"entropy":130.65182495117188,"grad_norm_critic":1.2884682416915894,"approx_kl":0.026131020858883858,"grad_norm_actor":9762.7099609375,"_timestamp":1.7798977193134289e+09,"num_episodes_completed":832,"mean_reward_per_step":0.95947265625,"state_mse":0.048091620206832886,"actor_loss":153.43484497070312,"episode_length":10,"env_step":991232,"total_loss":152.4868927001953,"value_loss":0.31046605110168457,"_wandb":{"runtime":92},"return":9.591346740722656,"_runtime":92,"mean_reward_agent_1":0.95947265625,"mean_reward_agent_0":0.95947265625}