{"mean_reward_per_step":0.92431640625,"episode_length":10,"approx_kl":0.01582995615899563,"_step":121,"num_episodes_completed":832,"return":9.199519157409668,"grad_norm_critic":0.6856827735900879,"update_step":121,"_wandb":{"runtime":83},"total_loss":-31.37406349182129,"entropy":83.81743621826172,"actor_loss":-30.88408660888672,"value_loss":0.34819912910461426,"return_agent_1":9.199519157409668,"_timestamp":1.7798975484819632e+09,"mean_reward_agent_1":0.92431640625,"return_agent_0":9.199519157409668,"_runtime":83,"env_step":991232,"grad_norm_actor":1123.7730712890625,"mean_reward_agent_0":0.92431640625}