{"env_step":991232,"return":5.990385055541992,"mean_reward_agent_4":0,"num_episodes_completed":832,"mean_reward_agent_3":0,"return_agent_4":5.990385055541992,"value_loss":1.8092120885849,"entropy":0.004676437005400658,"episode_length":10,"grad_norm_critic":0.11446785181760788,"actor_loss":-2542.3935546875,"total_loss":-2540.58251953125,"state_mse":0.0019846383947879076,"_wandb":{"runtime":114},"mean_reward_agent_1":0,"_step":121,"grad_norm_actor":0.01425683032721281,"_timestamp":1.7799031302246096e+09,"return_agent_0":5.990385055541992,"mean_reward_per_step":0.1969401091337204,"approx_kl":0.0004625291330739856,"return_agent_5":5.990385055541992,"mean_reward_agent_0":0.5908203125,"update_step":121,"return_agent_3":5.990385055541992,"return_agent_1":5.990385055541992,"mean_reward_agent_5":0.5908203125,"mean_reward_agent_2":0,"_runtime":114,"return_agent_2":5.990385055541992}