{"actor_loss":-2.2415072180592688e-06,"_runtime":219.151864246,"approx_kl":6.569091226538148e-08,"value_loss":9.205182868754491e-05,"entropy":0.376681387424469,"_timestamp":1.780912825519737e+09,"ratio_0":1,"_wandb":{"runtime":219},"env_step":9.986048e+06,"_step":9986048,"ratio":1.000001311302185,"returns":1.999999761581421,"clip_frac":0,"win_rate":0.9999999403953552,"total_loss":8.981031714938581e-05}