{"_runtime":366.394545049,"clip_frac":0,"_step":9986048,"returns":-39.08262634277344,"total_loss":0.33191266655921936,"env_step":9.986048e+06,"actor_loss":-0.007048935163766146,"_wandb":{"runtime":366},"ratio":1.000023603439331,"approx_kl":1.3790955790682347e-06,"ratio_0":1.0000150203704834,"value_loss":0.3389616012573242,"_timestamp":1.7811115965833921e+09,"entropy":0.7015646696090698}