{"_step":9986048,"clip_frac":0,"silence_rate":0.046875,"actor_loss":-0.008439280092716217,"rollout/100pct":{"size":61885,"path":"media/videos/rollout/100pct_9977856_c4498b9689aab00acb82.gif","_type":"video-file","sha256":"c4498b9689aab00acb826c7fbdc3808e84a8a07fa65d604d3662223c3f8eeeb6"},"rollout/66pct":{"size":61482,"path":"media/videos/rollout/66pct_6586368_b598bb08a3a2c843aaa3.gif","_type":"video-file","sha256":"b598bb08a3a2c843aaa3155a6e7daaaaaed701c25026d55dc17e2e100559dfe4"},"rollout/0pct":{"_type":"video-file","sha256":"a40aad1508a9bdfe89d35a0a07bfbaef60d6bcf47630b67bc9cc0d71c3b87541","size":55529,"path":"media/videos/rollout/0pct_0_a40aad1508a9bdfe89d3.gif"},"entropy":0.8407835960388184,"ratio_0":1.0000079870224,"ratio":1.000006914138794,"total_loss":0.09679999947547913,"returns":-29.312908172607422,"_wandb":{"runtime":511},"value_loss":0.10523928701877594,"msg_len":0.953125,"approx_kl":1.9857000097545097e-06,"comm_ctx_norm":1.6289870738983154,"expected_msg_len":1,"_timestamp":1.7815310996854894e+09,"gumbel_tau":1,"actor_grad_norm":0.6203008890151978,"critic_grad_norm":0.5538296103477478,"env_step":9.986048e+06,"rollout/33pct":{"size":60579,"path":"media/videos/rollout/33pct_3284992_5952137038309458ac31.gif","_type":"video-file","sha256":"5952137038309458ac31a9dfaed340e8f98d39082ed21f8eb8bdea1639cbd5d3"},"token_entropy":0,"_runtime":511.635195443}