{"_runtime":344.612813247,"approx_kl":2.3260417947312817e-07,"_step":9986048,"ratio":0.9999989867210388,"win_rate":0.6674259901046753,"_timestamp":1.7809375437771075e+09,"value_loss":0.02047392725944519,"clip_frac":0,"env_step":9.986048e+06,"returns":1.6188498735427856,"total_loss":0.020465223118662834,"_wandb":{"runtime":344},"actor_loss":-8.705712389200926e-06,"entropy":0.2560051381587982,"ratio_0":1.000001072883606}