{"ratio_0":1,"win_rate":0.9901961088180542,"env_step":9.986048e+06,"_wandb":{"runtime":193},"clip_frac":0,"returns":1.988561987876892,"_runtime":193.175519202,"_step":9986048,"ratio":0.9999985694885254,"_timestamp":1.7809143889484456e+09,"actor_loss":-3.334600478410721e-06,"value_loss":0.00021241078502498567,"total_loss":0.00020907618454657495,"entropy":0.3654820919036865,"approx_kl":8.127836537141775e-08}