{"return_agent_7":-0.3774038553237915,"actor_loss":187.24066162109375,"return_agent_1":-0.3774038553237915,"return":-0.3774038553237915,"mean_reward_agent_4":0,"_runtime":110,"return_agent_0":-0.3774038553237915,"_wandb":{"runtime":110},"total_loss":176.5054931640625,"mean_reward_agent_7":-0.03369140625,"return_agent_3":-0.3774038553237915,"num_episodes_completed":832,"value_loss":1.047836422920227,"approx_kl":0.004729669541120529,"mean_reward_agent_6":0,"mean_reward_agent_1":0,"episode_length":10,"env_step":991232,"entropy":1178.3031005859375,"return_agent_4":-0.3774038553237915,"return_agent_2":-0.3774038553237915,"_step":121,"mean_reward_agent_3":0,"return_agent_5":-0.3774038553237915,"update_step":121,"grad_norm_actor":814.53173828125,"mean_reward_agent_2":0,"mean_reward_agent_0":-0.03369140625,"return_agent_6":-0.3774038553237915,"mean_reward_agent_5":0,"mean_reward_per_step":-0.0084228515625,"grad_norm_critic":0.24982161819934845,"_timestamp":1.7798952323803036e+09}