{"mean_reward_agent_1":0,"mean_reward_agent_3":0,"mean_reward_agent_4":0,"return_agent_0":5.966346263885498,"approx_kl":0.00017849124560598284,"return":5.966346263885498,"return_agent_4":5.966346263885498,"grad_norm_actor":0.014743678271770477,"mean_reward_per_step":0.1969401091337204,"total_loss":-2553.363525390625,"state_mse":0.0034652824979275465,"mean_reward_agent_5":0.5908203125,"_wandb":{"runtime":116},"_step":121,"_runtime":116,"return_agent_2":5.966346263885498,"return_agent_5":5.966346263885498,"episode_length":10,"mean_reward_agent_0":0.5908203125,"update_step":121,"grad_norm_critic":0.07597438991069794,"value_loss":1.7943999767303467,"return_agent_3":5.966346263885498,"_timestamp":1.779901637096973e+09,"actor_loss":-2555.161376953125,"num_episodes_completed":832,"return_agent_1":5.966346263885498,"entropy":0.014885183423757553,"mean_reward_agent_2":0,"env_step":991232}