{"value_loss":0.0022545945830643177,"mean_reward_per_step":1,"grad_norm_actor":0.1515703648328781,"total_loss":-0.006695570424199104,"state_mse":0.0010575690539553761,"_timestamp":1.7799041960362747e+09,"mean_reward_agent_0":1,"return_agent_1":10,"return_agent_0":10,"_runtime":87,"grad_norm_critic":0.21296586096286774,"episode_length":10,"_wandb":{"runtime":87},"mean_reward_agent_1":1,"entropy":0.8534308075904846,"_step":121,"num_episodes_completed":832,"approx_kl":0.002327983034774661,"return":10,"env_step":991232,"update_step":121,"actor_loss":-0.0014734268188476562}