{"env_step":9.986048e+06,"_timestamp":1.78093510010685e+09,"entropy":0.3331502079963684,"approx_kl":3.471253862130652e-08,"actor_loss":-1.7613929230719805e-06,"clip_frac":0,"ratio_0":1,"ratio":1.0000001192092896,"total_loss":0.009349767118692398,"value_loss":0.009351527318358421,"win_rate":0.8947368264198303,"returns":1.8818778991699219,"_runtime":274.577408457,"_wandb":{"runtime":274},"_step":9986048}