{"_wandb":{"runtime":218},"_timestamp":1.7809130744237216e+09,"actor_loss":-3.638351245172089e-06,"approx_kl":1.59030562940643e-07,"value_loss":0.00012784209684468806,"win_rate":0.9999999403953552,"ratio":1.000003695487976,"env_step":9.986048e+06,"ratio_0":1,"clip_frac":0,"returns":1.9999998807907104,"total_loss":0.00012420375423971564,"_step":9986048,"entropy":0.2955304980278015,"_runtime":218.548958196}