{"ratio_0":1,"clip_frac":0.05588379502296448,"entropy":1.186990737915039,"_wandb":{"runtime":0},"ratio":0.9998167157173157,"win_rate":0,"env_step":4096,"_timestamp":1.7804988843904476e+09,"_runtime":0.044696413,"approx_kl":0.00033318233909085393,"_step":4096,"value_loss":1.4696179628372192,"returns":0.20612777769565582,"total_loss":1.4696264266967773,"actor_loss":8.488446837873198e-06}