{"env_step":991232,"num_episodes_completed":832,"return_agent_1":8.057692527770996,"update_step":121,"_step":121,"value_loss":2.7013497352600098,"_timestamp":1.7799028962440298e+09,"return":8.057692527770996,"return_agent_3":8.057692527770996,"mean_reward_agent_2":0,"approx_kl":1.8359982277615927e-05,"grad_norm_critic":0.03184475004673004,"_runtime":100,"actor_loss":-1859.41015625,"state_mse":0.001677675754763186,"episode_length":10,"mean_reward_agent_1":0,"return_agent_0":8.057692527770996,"return_agent_2":8.057692527770996,"mean_reward_agent_3":0.80419921875,"entropy":0.004238963592797518,"mean_reward_agent_0":0.80419921875,"mean_reward_per_step":0.402099609375,"grad_norm_actor":0.011046551167964935,"total_loss":-1856.70703125,"_wandb":{"runtime":100}}