{"entropy":1410.829833984375,"env_step":991232,"episode_length":10,"mean_reward_agent_4":0,"approx_kl":0.00455955695360899,"total_loss":-146.11729431152344,"return_agent_6":0.09134615957736969,"mean_reward_agent_3":0,"state_mse":0.1207767128944397,"return_agent_0":0.09134615957736969,"_wandb":{"runtime":122},"num_episodes_completed":832,"_step":121,"mean_reward_per_step":0.0034179689828306437,"update_step":121,"return_agent_1":0.09134615957736969,"return_agent_5":0.09134615957736969,"value_loss":0.6210454702377319,"grad_norm_critic":0.7868819236755371,"actor_loss":-132.75082397460938,"mean_reward_agent_0":0.011962890625,"_runtime":122,"mean_reward_agent_6":0.011962890625,"return_agent_2":0.09134615957736969,"return_agent_3":0.09134615957736969,"mean_reward_agent_2":0,"return_agent_4":0.09134615957736969,"mean_reward_agent_5":0,"return":0.09134615957736969,"mean_reward_agent_1":0,"grad_norm_actor":1094.8856201171875,"_timestamp":1.7798983035311494e+09}