{"return":9.995192527770996,"return_agent_1":9.995192527770996,"mean_reward_agent_0":1,"return_agent_0":9.995192527770996,"entropy":1.2929364442825317,"_runtime":82,"approx_kl":0.03177560493350029,"_step":121,"mean_reward_per_step":1,"actor_loss":-0.021890640258789062,"env_step":991232,"episode_length":10,"_timestamp":1.7798945995505073e+09,"num_episodes_completed":832,"_wandb":{"runtime":82},"value_loss":0.00012456283729989082,"mean_reward_agent_1":1,"total_loss":-0.03469543904066086,"update_step":121}