{"value_loss":0.0005241731414571404,"total_loss":0.0005206638015806675,"_runtime":243.598485545,"ratio":1.0000028610229492,"actor_loss":-3.50933987647295e-06,"ratio_0":1.0000078678131104,"env_step":9.986048e+06,"approx_kl":5.494791821547551e-07,"_timestamp":1.78078129653901e+09,"win_rate":0.9801980257034302,"clip_frac":0,"_step":9986048,"_wandb":{"runtime":243},"entropy":0.43423792719841003,"returns":1.9772404432296753}