{"_runtime":2.358748159,"_timestamp":1.780498856081867e+09,"clip_frac":0,"returns":0.1606282740831375,"ratio":1.0000550746917725,"env_step":126976,"win_rate":0,"actor_loss":-7.481970533262938e-05,"entropy":1.1383471488952637,"value_loss":0.002488246886059642,"ratio_0":1,"approx_kl":1.0743523489509244e-05,"_step":126976,"total_loss":0.002413427224382758,"_wandb":{"runtime":2}}