{"_wandb":{"runtime":90},"grad_norm_actor":3009.455810546875,"actor_loss":-1.8168349266052246,"grad_norm_critic":4.854931831359863,"approx_kl":0.05077033117413521,"return":7.274038791656494,"return_agent_0":7.274038791656494,"value_loss":3.3722410202026367,"state_mse":0.12896375358104706,"return_agent_1":7.274038791656494,"mean_reward_agent_0":0.710693359375,"episode_length":10,"mean_reward_per_step":0.710693359375,"total_loss":-0.7852569818496704,"_runtime":90,"entropy":246.9628143310547,"update_step":121,"_timestamp":1.7799011927830958e+09,"num_episodes_completed":832,"mean_reward_agent_1":0.710693359375,"env_step":991232,"_step":121}