{"_runtime":5433.212558896,"silence_rate":0.046875,"value_loss":0.4135401248931885,"actor_grad_norm":0.2950332462787628,"_timestamp":1.7814930959174495e+09,"env_step":9.986048e+06,"msg_len":2.4505615234375,"total_loss":0.4042608439922333,"ratio_0":1.000015139579773,"comm_ctx_norm":3.340513229370117,"returns":-52.70295333862305,"entropy":0.9305252432823181,"ratio":1.0000085830688477,"_step":9986048,"approx_kl":0.00016038300236687064,"critic_grad_norm":2.441535234451294,"_wandb":{"runtime":5433},"clip_frac":0.001708984375,"actor_loss":-0.009279339574277401,"token_entropy":1.6451627016067505,"gumbel_tau":1,"expected_msg_len":3.5276405811309814}