{"ratio":0.9999935030937195,"_step":9986048,"returns":-30.397747039794922,"env_step":9.986048e+06,"actor_loss":-0.007526208180934191,"_runtime":361.607981547,"entropy":0.749937117099762,"total_loss":0.11933521926403046,"_wandb":{"runtime":361},"approx_kl":1.765052616065077e-06,"value_loss":0.12686140835285187,"_timestamp":1.7811119955169277e+09,"ratio_0":1.0000114440917969,"clip_frac":0}