{"return_agent_8":0.18028846383094788,"total_loss":-92.84233856201172,"mean_reward_agent_0":0.015380859375,"mean_reward_agent_1":0,"return_agent_0":0.18028846383094788,"mean_reward_agent_3":0,"_step":121,"return_agent_3":0.18028846383094788,"mean_reward_agent_7":0,"return_agent_1":0.18028846383094788,"return_agent_9":0.18028846383094788,"mean_reward_agent_8":0,"_timestamp":1.7799021784558544e+09,"episode_length":10,"actor_loss":-81.77439880371094,"return_agent_4":0.18028846383094788,"mean_reward_agent_4":0,"return_agent_2":0.18028846383094788,"mean_reward_per_step":0.0030761719681322575,"state_mse":0.263209730386734,"mean_reward_agent_9":0.015380859375,"grad_norm_actor":560.76953125,"grad_norm_critic":0.19941061735153198,"_wandb":{"runtime":135},"value_loss":0.7660478353500366,"entropy":1209.719970703125,"return_agent_5":0.18028846383094788,"_runtime":135,"approx_kl":0.00036260730121284723,"mean_reward_agent_5":0,"num_episodes_completed":832,"return_agent_6":0.18028846383094788,"return":0.18028846383094788,"env_step":991232,"update_step":121,"mean_reward_agent_6":0,"mean_reward_agent_2":0,"return_agent_7":0.18028846383094788}