{"_runtime":81.118656917,"grad_norm_actor":0.38373246788978577,"total_loss":2.0739572048187256,"_timestamp":1.7810927305001242e+09,"grad_norm_critic":1.7804733514785767,"mean_reward_per_step":-0.5034694671630859,"update_step":1219,"episode_length_team_agents":20.666667938232422,"return_team_agents":-10.0803861618042,"_wandb":{"runtime":81},"entropy":0.715569794178009,"approx_kl":0.005630731116980314,"env_step":9986048,"num_episodes_completed":384,"_step":1219,"actor_loss":-0.011583443731069565,"return":-40.204833984375,"value_loss":2.092695713043213,"episode_length":26}