{"mean_reward_agent_3":0,"_wandb":{"runtime":129},"return_agent_3":-0.10096154361963272,"return_agent_0":-0.10096154361963272,"return_agent_4":-0.10096154361963272,"env_step":991232,"mean_reward_agent_1":0,"return_agent_5":-0.10096154361963272,"grad_norm_critic":0.2145765870809555,"return_agent_7":-0.10096154361963272,"state_mse":0.012858312577009201,"episode_length":10,"num_episodes_completed":832,"total_loss":52.275779724121094,"mean_reward_agent_0":-0.008544921875,"mean_reward_agent_6":0,"grad_norm_actor":266.3037414550781,"mean_reward_agent_2":0,"_timestamp":1.7799033899431348e+09,"mean_reward_agent_4":0,"mean_reward_per_step":-0.00213623046875,"update_step":121,"_runtime":129,"_step":121,"return_agent_1":-0.10096154361963272,"return_agent_2":-0.10096154361963272,"approx_kl":3.914842818630859e-05,"return":-0.10096154361963272,"return_agent_6":-0.10096154361963272,"mean_reward_agent_7":-0.008544921875,"actor_loss":62.53184509277344,"entropy":1123.2730712890625,"mean_reward_agent_5":0,"value_loss":0.9638078808784485}