{"_runtime":360.69503192,"ratio_0":1.0000113248825073,"_step":9986048,"returns":-51.43906784057617,"clip_frac":0,"_wandb":{"runtime":360},"total_loss":0.3840532898902893,"approx_kl":1.2092912129446631e-06,"actor_loss":-0.008792055770754814,"env_step":9.986048e+06,"entropy":0.8769862651824951,"value_loss":0.3928453326225281,"_timestamp":1.7811111930624511e+09,"ratio":0.9999973177909851}