{"total_loss":0.11789719015359879,"mean_reward_per_step":-0.3157634735107422,"_runtime":270.95839955,"grad_norm_actor":0.5232197046279907,"value_loss":0.12937957048416138,"update_step":1219,"actor_loss":-0.004382491111755371,"_wandb":{"runtime":270},"_timestamp":1.7811046909372454e+09,"entropy":0.7099885940551758,"env_step":9986048,"return":-26.16320037841797,"num_episodes_completed":384,"_step":1219,"approx_kl":0.009425381198525429,"grad_norm_critic":0.6380713582038879,"episode_length":26}