{"ratio":1.0000004768371582,"actor_loss":-4.4191256165504456e-07,"_step":9986048,"total_loss":5.0647390708036255e-06,"_wandb":{"runtime":183},"_timestamp":1.780911241439245e+09,"env_step":9.986048e+06,"value_loss":5.50665163245867e-06,"returns":1.9999996423721313,"ratio_0":1,"approx_kl":9.990161231598904e-08,"entropy":0.5590146780014038,"win_rate":1,"_runtime":183.578135105,"clip_frac":0}