{"env_step":991232,"mean_reward_per_step":0.5953776240348816,"_step":121,"total_loss":-1304.698974609375,"_wandb":{"runtime":96},"return":8.951923370361328,"return_agent_2":8.951923370361328,"mean_reward_agent_1":0,"mean_reward_agent_0":0.89306640625,"update_step":121,"mean_reward_agent_2":0.89306640625,"num_episodes_completed":832,"value_loss":2.641258478164673,"_timestamp":1.7799027909367626e+09,"entropy":0.007075506262481213,"return_agent_0":8.951923370361328,"state_mse":0.0011543754953891039,"grad_norm_critic":0.06777563691139221,"episode_length":10,"actor_loss":-1307.34130859375,"_runtime":96,"grad_norm_actor":0.009603272192180157,"approx_kl":8.549499739274324e-07,"return_agent_1":8.951923370361328}