{"entropy":0.4361468255519867,"actor_loss":-3.955501597374678e-06,"clip_frac":0,"ratio":0.9999990463256836,"returns":1.7882977724075317,"_wandb":{"runtime":343},"_timestamp":1.7809379329872944e+09,"env_step":9.986048e+06,"win_rate":0.8156028389930725,"_runtime":343.799232999,"value_loss":0.014565795660018921,"ratio_0":0.9999980926513672,"total_loss":0.014561839401721954,"_step":9986048,"approx_kl":2.4895325623219833e-07}