{"_timestamp":1.7809118978309262e+09,"_step":9986048,"clip_frac":0,"_runtime":191.307927428,"entropy":0.15850290656089783,"win_rate":0,"actor_loss":-3.7800928112119436e-06,"ratio":0.9999970197677612,"_wandb":{"runtime":191},"value_loss":0.00024692961596883833,"ratio_0":1,"approx_kl":2.583740865702566e-07,"total_loss":0.0002431495231576264,"env_step":9.986048e+06,"returns":0.7120549082756042}