{"ratio":0.9999967813491821,"value_loss":0.009854372590780258,"_step":9986048,"returns":1.86561119556427,"ratio_0":1,"clip_frac":0,"approx_kl":3.6585650065035225e-08,"_timestamp":1.7809347911717575e+09,"entropy":0.31280240416526794,"_runtime":275.576158223,"actor_loss":-3.490655217319727e-06,"total_loss":0.009850881062448025,"env_step":9.986048e+06,"win_rate":0.8799999952316284,"_wandb":{"runtime":275}}